ticker,name,city,country,isoAlpha2Code
NONE,A2X,JOHANNESBURG,SOUTH AFRICA,ZA
NONE,CREDIT AGRICOLE CIB - SYSTEMATIC INTERNALISER,PARIS,FRANCE,FR
NONE,ATHENS EXCHANGE - APA,ATHENS,GREECE,GR
NONE,ASSENT ATS,JERSEY CITY,UNITED STATES OF AMERICA,US
NONE,ABANCA,MADRID,SPAIN,ES
NONE,ALPHA BANK - SYSTEMATIC INTERNALISER,ATHENS,GREECE,GR
NONE,ABN AMRO BANK NV - SYSTEMATIC INTERNALISER,AMSTERDAM,THE NETHERLANDS,NL
NONE,ALM. BRAND BANK - SYSTEMATIC INTERNALISER,COPENHAGEN,DENMARK,DK
NONE,BULGARIAN STOCK EXCHANGE - ALTERNATIVE MARKET,SOFIA,BULGARIA,BG
NONE,ACE DERIVATIVES & COMMODITY EXCHANGE LTD,MUMBAI,INDIA,IN
NONE,KCG ACKNOWLEDGE FI,NEW YORK,UNITED STATES OF AMERICA,US
NONE,ADVISE TECHNOLOGIES - APA TRANSPARENCY REPORTING,NEW YORK,UNITED STATES OF AMERICA,US
NONE,ABIDE FINANCIAL DRSP LIMITED APA,LONDON,UNITED KINGDOM,GB
NONE,AGRICULTURAL FUTURES EXCHANGE OF THAILAND,BANGKOK,THAILAND,TH
NONE,AFS - OTF,AMSTERDAM,THE NETHERLANDS,NL
NONE,AFS - OTF - INTEREST RATE DERIVATIVES,AMSTERDAM,THE NETHERLANDS,NL
NONE,AFS - OTF - STRUCTURED PRODUCTS,AMSTERDAM,THE NETHERLANDS,NL
NONE,AFS - OTF - BONDS,AMSTERDAM,THE NETHERLANDS,NL
NONE,AFS - OTF - FX FORWARDS,AMSTERDAM,THE NETHERLANDS,NL
NONE,A AND G BANCA PRIVADA SAU,MADRID,SPAIN,ES
NONE,LONDON STOCK EXCHANGE - AIM MTF,LONDON,UNITED KINGDOM,GB
NONE,ASTANA INTERNATIONAL EXCHANGE LTD,ASTANA,KAZAKHSTAN,KZ
NONE,AKIS - BANCA AKROS - SYSTEMATIC INTERNALISER,MILANO,ITALY,IT
NONE,NYSE ALTERNEXT DARK,NEW YORK,UNITED STATES OF AMERICA,US
NONE,ALLT-OTF,MADRID,SPAIN,ES
NONE,AKTIESELSKABET ARBEJDERNES LANDSBANK - SYSTEMATIC INTERNALISER,COPENHAGEN,DENMARK,DK
NONE,JSE ALTERNATE EXCHANGE,JOHANNESBURG,SOUTH AFRICA,ZA
NONE,EURONEXT GROWTH BRUSSELS,BRUSSELS,BELGIUM,BE
NONE,EURONEXT GROWTH LISBON,LISBON,PORTUGAL,PT
NONE,EURONEXT GROWTH PARIS,PARIS,FRANCE,FR
NONE,ASSET MATCH PRIVATE EXCHANGE,LONDON,UNITED KINGDOM,GB
NONE,NYSE AMEX OPTIONS,NEW YORK,UNITED STATES OF AMERICA,US
NONE,AUSTRALIA AND NEW ZEALAND BANKING GROUP LIMITED,LONDON,UNITED KINGDOM,GB
NONE,ABBEY NATIONAL TREASURY SERVICES PLC - SYSTEMATIC INTERNALISER,LONDON,UNITED KINGDOM,GB
NONE,AUSTRALIA AND NEW ZEALAND BANKING GROUP LIMITED SYSTEMATIC INTERNALISER,LONDON,UNITED KINGDOM,GB
NONE,WIENER BOERSE AG - APA,VIENNA,AUSTRIA,AT
NONE,ASIA PACIFIC CLEAR,SINGAPORE,SINGAPORE,SG
NONE,ASIA PACIFIC EXCHANGE,SINGAPORE,SINGAPORE,SG
NONE,SYDNEY STOCK EXCHANGE LIMITED,SYDNEY,AUSTRALIA,AU
NONE,AQUIS EXCHANGE EUROPE AUCTION ON DEMAND (AOD),PARIS,FRANCE,FR
NONE,AQUIS EXCHANGE EUROPE,PARIS,FRANCE,FR
NONE,AQUA EQUITIES L.P.,NEW YORK,UNITED STATES OF AMERICA,US
NONE,AQUIS EXCHANGE PLC AUCTION ON DEMAND (AOD),LONDON,UNITED KINGDOM,GB
NONE,AQUIS EXCHANGE PLC PLC,LONDON,UNITED KINGDOM,GB
NONE,ARRACO GLOBAL MARKETS LTD,LONDON,UNITED KINGDOM,GB
NONE,ARCA DARK,NEW YORK,UNITED STATES OF AMERICA,US
NONE,ARCHAX,LONDON,UNITED KINGDOM,GB
NONE,NYSE ARCA OPTIONS,NEW YORK,UNITED STATES OF AMERICA,US
NYSE,NYSE ARCA,NEW YORK,UNITED STATES OF AMERICA,US
NONE,AREX - AUTOMATED RECEIVABLES EXCHANGE,DUBLIN,IRELAND,IE
NONE,ARIAN TRADING FACILITY,LONDON,UNITED KINGDOM,GB
NONE,ARKONIS,NEW YORK,UNITED STATES OF AMERICA,US
NONE,ATHENS STOCK EXCHANGE,ATHENS,GREECE,GR
NONE,CLEARCORP DEALING SYSTEMS INDIA LIMITED – ASTROID,MUMBAI,INDIA,IN
NONE,ASX BOOKBUILD,SYDNEY,AUSTRALIA,AU
NONE,ASX - CENTRE POINT,SYDNEY,AUSTRALIA,AU
NONE,ASX - PUREMATCH,SYDNEY,AUSTRALIA,AU
NONE,ASX TRADEMATCH,SYDNEY,AUSTRALIA,AU
NONE,ASX - VOLUMEMATCH,SYDNEY,AUSTRALIA,AU
NONE,ATFUND MTF,MILANO,ITALY,IT
NONE,ATHLOS CAPITAL INVESTMENT SERVICES LTD - SYSTEMATIC INTERNALISER,NICOSIA,CYPRUS,CY
NONE,BRAEMAR ATLANTIC SECURITIES LTD,LONDON,UNITED KINGDOM,GB
NONE,ATONLINE LIMITED - SYSTEMATIC INTERNALISER,NICOSIA,CYPRUS,CY
NONE,AUREL,PARIS,FRANCE,FR
NONE,AUREL - OTF,PARIS,FRANCE,FR
NONE,AUTILLA - BASE METALS,LONDON,UNITED KINGDOM,GB
NONE,AUTOBAHN FX,FRANKFURT,GERMANY,DE
NONE,AUTILLA - PRECIOUS METALS,LONDON,UNITED KINGDOM,GB
NONE,AUTILLA,LONDON,UNITED KINGDOM,GB
NONE,AUSTRALIAN WHEAT BOARD,MELBOURNE,AUSTRALIA,AU
NONE,AUSTRALIAN WOOL EXCHANGE,LANE COVE,AUSTRALIA,AU
NONE,4 AFRICA EXCHANGE (PTY) LTD,BRYANSTON SANDTON,SOUTH AFRICA,ZA
NONE,BAADER BANK - SYSTEMATIC INTERNALISER,UNTERSCHLEISSHEM,GERMANY,DE
NONE,BOLSA DE CEREALES DE BUENOS AIRES,BUENOS AIRES,ARGENTINA,AR
NONE,BANK OF AMERICA MERRILL LYNCH EQUITY SWAP - EXTERNAL PRICE SOURCE,HONG KONG,HONG KONG,HK
NONE,BANK OF AMERICA MERRILL LYNCH EQUITY SWAP - INTERNAL PRICE SOURCE,HONG KONG,HONG KONG,HK
NONE,BANK OF AMERICA MERRILL LYNCH – JAPAN INSTINCT X,TOKYO,JAPAN,JP
NONE,BARBADOS STOCK EXCHANGE - JUNIOR MARKET,BRIDGETOWN,BARBADOS,BB
NONE,THE BALTIC EXCHANGE,LONDON,UNITED KINGDOM,GB
NONE,BANK OF AMERICA - MERRILL LYNCH INSTINCT X ATS,NEW YORK,UNITED STATES OF AMERICA,US
NONE,BANK OF AMERICA - MERRILL LYNCH GCX,NEW YORK,UNITED STATES OF AMERICA,US
NONE,"BANK OF AMERICA, NATIONAL ASSOCIATION",LONDON,UNITED KINGDOM,GB
NONE,BLOOMBERG - APA,LONDON,UNITED KINGDOM,GB
NONE,BLOOMBERG DATA REPORTING SERVICES B.V. - APA,AMSTERDAM,THE NETHERLANDS,NL
NONE,BALTPOOL,VILNIUS,LITHUANIA,LT
NONE,BARCLAYS FX – TRADING,NEW YORK,UNITED STATES OF AMERICA,US
CBOE,CBOE EUROPE - REGULATED MARKET DARK BOOK,LONDON,UNITED KINGDOM,GB
NONE,BARCLAYS LIQUID MARKETS,NEW YORK,UNITED STATES OF AMERICA,US
CBOE,CBOE EUROPE - REGULATED MARKET OFF BOOK,LONDON,UNITED KINGDOM,GB
CBOE,CBOE EUROPE - REGULATED MARKET INTEGRATED BOOK,LONDON,UNITED KINGDOM,GB
CBOE,CBOE EUROPE - REGULATED MARKET DARK BOOK (NL),AMSTERDAM,THE NETHERLANDS,NL
NONE,BARCLAYS ATS,NEW YORK,UNITED STATES OF AMERICA,US
NONE,BANK OF AMERICA MERRILL LYNCH - SWAP EXECUTIONS,HONG KONG,HONG KONG,HK
NONE,"BANK OF AMERICA, NATIONAL ASSOCIATION - LONDON BRANCH OFFICE - SYSTEMATIC INTERNALISER",LONDON,UNITED KINGDOM,GB
NONE,BANK OF AMERICA MERRILL LYNCH – SIMPLEX BLAST X,TOKYO,JAPAN,JP
CBOE,CBOE EUROPE - BXE DARK ORDER BOOK,LONDON,UNITED KINGDOM,GB
CBOE,CBOE EUROPE - BXE ORDER BOOKS,LONDON,UNITED KINGDOM,GB
CBOE,CBOE EUROPE - BXE OFF-BOOK,LONDON,UNITED KINGDOM,GB
CBOE,CBOE BZX OPTIONS EXCHANGE,CHICAGO,UNITED STATES OF AMERICA,US
CBOE,CBOE EUROPE - BXE PERIODIC,LONDON,UNITED KINGDOM,GB
CBOE,CBOE BZX U.S. EQUITIES EXCHANGE,CHICAGO,UNITED STATES OF AMERICA,US
CBOE,CBOE BYX U.S. EQUITIES EXCHANGE,CHICAGO,UNITED STATES OF AMERICA,US
NONE,BARCLAYS BANK IRELAND PLC,DUBLIN,IRELAND,IE
NONE,BARCLAYS BANK IRELAND PLC - SYSTEMATIC INTERNALISER,DUBLIN,IRELAND,IE
NONE,BLOOMBERG SEF LLC,NEW YORK,UNITED STATES OF AMERICA,US
NONE,BARCLAYS BANK PLC - SYSTEMATIC INTERNALISER,LONDON,UNITED KINGDOM,GB
NONE,BANCO BILBAO VIZCAYA ARGENTARIA S.A - SYSTEMATIC INTERNALISER,MADRID,SPAIN,ES
NONE,BARCLAYS DIRECT EX ATS,NEW YORK,UNITED STATES OF AMERICA,US
NONE,"BANQUE ET CAISSE D'EPARGNE DE L'ETAT, LUXEMBOURG - BCEE - SYSTEMATIC INTERNALISER",LUXEMBOURG,LUXEMBOURG,LU
NONE,BOLSA DE COMERCIO DE SANTA FE,SANTA FE,ARGENTINA,AR
NONE,BANCA MARCH S.A. - SYSTEMATIC INTERNALISER,PALMA DE MALLORCA,SPAIN,ES
NONE,BOLSA DE CEREAIS E MERCADORIAS DE MARINGÁ,MARINGA,BRAZIL,BR
CBOE,CBOE EUROPE REGULATED MARKETS,LONDON,UNITED KINGDOM,GB
NONE,BROKERCREDITSERVICE (CYPRUS) LIMITED - SYSTEMATIC INTERNALISER,LIMASSOL,CYPRUS,CY
NONE,BELARUS CURRENCY AND STOCK EXCHANGE,MINSK,BELARUS,BY
NONE,BARCLAYS CAPITAL SECURITIES LIMITED - SYSTEMATIC INTERNALISER,LONDON,UNITED KINGDOM,GB
NONE,BARCLAYS CAPITAL SECURITIES LIMITED,LONDON,UNITED KINGDOM,GB
CBOE,CBOE EUROPE EQUITIES,LONDON,UNITED KINGDOM,GB
NONE,BAYERNLB - IDEAL FX - SYSTEMATIC INTERNALISER,MUNICH,GERMANY,DE
NONE,MTS ASSOCIATED MARKETS,BRUSSELS,BELGIUM,BE
NONE,BOND ELECTRONIC EXCHANGE,BANGKOK,THAILAND,TH
NONE,BANCA ETICA - SYSTEMATIC INTERNALISER,PADOVA,ITALY,IT
NONE,BELFIUS BANK NV/SA,BRUSSELS,BELGIUM,BE
NONE,BELFIUS BANK NV/SA FIXED INCOME - SYSTEMATIC INTERNALISER,BRUSSELS,BELGIUM,BE
NONE,BOERSE BERLIN - REGULIERTER MARKT,BERLIN,GERMANY,DE
NONE,BOERSE BERLIN - FREIVERKEHR,BERLIN,GERMANY,DE
NONE,BOERSE BERLIN - BERLIN SECOND REGULATED MARKET,BERLIN,GERMANY,DE
NONE,BETA MARKET,BUDAPEST,HUNGARY,HU
NONE,BLOOMBERG TRADEBOOK JAPAN LIMITED,CHIYODA-KU,JAPAN,JP
NONE,BET OTC BILAT COMMODITY DERIVATIVES,LONDON,UNITED KINGDOM,GB
CBOE,CBOE EUROPE - REGULATED MARKET OFF BOOK (NL),AMSTERDAM,THE NETHERLANDS,NL
CBOE,CBOE EUROPE - DXE PERIODIC (NL),AMSTERDAM,THE NETHERLANDS,NL
CBOE,CBOE EUROPE - REGULATED MARKET INTEGRATED BOOK (NL),AMSTERDAM,THE NETHERLANDS,NL
NONE,BAHRAIN FINANCIAL EXCHANGE,MANAMA,BAHRAIN,BH
NONE,BANCO FINANTIA S.A. - SYSTEMATIC INTERNALISER,LISBON,PORTUGAL,PT
NONE,BGC BROKERS LP - TRAYPORT,LONDON,UNITED KINGDOM,GB
NONE,BGC DERIVATIVE MARKETS L.P.,NEW YORK,UNITED STATES OF AMERICA,US
NONE,BGC FINANCIAL INC,NEW YORK,UNITED STATES OF AMERICA,US
NONE,BGC BROKERS LP,LONDON,UNITED KINGDOM,GB
NONE,BGC BROKERS LP - OTF,LONDON,UNITED KINGDOM,GB
NONE,BERENBERG FIXED INCOME - SYSTEMATIC INTERNALISER,HAMBURG,GERMANY,DE
NONE,BERENBERG FIXED INCOME UK - SYSTEMATIC INTERNALISER,LONDON,UNITED KINGDOM,GB
NONE,BERENBERG FX - SYSTEMATIC INTERNALISER,HAMBURG,GERMANY,DE
NONE,BERENBERG - SYSTEMATIC - INTERNALISER,HAMBURG,GERMANY,DE
NONE,BERENBERG - SYSTEMATIC INTERNALISER UK,LONDON,UNITED KINGDOM,GB
NONE,BATS HOTSPOT SEF LLC,NEW YORK,UNITED STATES OF AMERICA,US
NONE,BANK HANDLOWY W WARSZAWIE S.A. - SYSTEMATIC INTERNALISER,WARSAW,POLAND,PL
NONE,BIDS TRADING L.P.,NEW YORK,UNITED STATES OF AMERICA,US
NONE,OFF-EXCHANGE TRANSACTIONS - LISTED AND UNLISTED INSTRUMENTS,,ZZ,ZZ
NONE,BANQUE INTERNATIONALE A LUXEMBOURG S.A. - SYSTEMATIC INTERNALISER,LUXEMBOURG,LUXEMBOURG,LU
NONE,BOND INVEST - SYSTEMATIC INTERNALISER,FRANKFURT AM MAIN,GERMANY,DE
NONE,GOLDMAN SACHS INTERNATIONAL BANK - SYSTEMATIC INTERNALISER,LONDON,UNITED KINGDOM,GB
NONE,BOLSA INSTITUCIONAL DE VALORES,MEXICO,MEXICO,MX
NONE,BNY MELLON S.A./N.V. - BRUSSELS BRANCH - SYSTEMATIC INTERNALISER,BRUSSELS,BELGIUM,BE
NONE,BNY MELLON S.A./N.V. - BRUSSELS BRANCH,BRUSSELS,BELGIUM,BE
NONE,BNY MELLON MARKETS EUROPE LIMITED,DUBLIN,IRELAND,IE
NONE,BNY MELLON - SYSTEMATIC INTERNALISER,LONDON,UNITED KINGDOM,GB
NONE,BNY MELLON INTERNATIONAL - LONDON BRANCH,LONDON,UNITED KINGDOM,GB
NONE,BKS BANK AG - SYSTEMATIC INTERNALISER,KLAGENFURT AM WOERTHERSEE,AUSTRIA,AT
NONE,BAYERNLB,MUNICH,GERMANY,DE
NONE,BANJA LUKA STOCK EXCHANGE - FREE MARKET,BANJA LUKA,BOSNIA AND HERZEGOVINA,BA
NONE,BAYERNLB - BONDS MARKET - SYSTEMATIC INTERNALISER,MUNICH,GERMANY,DE
NONE,BAYERNLB - EQUITIES MARKET,MUNICH,GERMANY,DE
NONE,BLOCK EVENT,MELBOURNE,AUSTRALIA,AU
NONE,BAYERNLB - LIQP BONDS MARKET,MUNICH,GERMANY,DE
NONE,INSTINET BLOCKCROSS ATS,NEW YORK,UNITED STATES OF AMERICA,US
NONE,BLINK MTF,LONDON,UNITED KINGDOM,GB
NONE,BLOCKMATCH DARK,LONDON,UNITED KINGDOM,GB
NONE,BELGIAN POWER EXCHANGE,BRUSSELS,BELGIUM,BE
NONE,BLOOMBERG TRADEBOOK LLC,NEW YORK,UNITED STATES OF AMERICA,US
NONE,BALTEX - FREIGHT DERIVATIVES MARKET,LONDON,UNITED KINGDOM,GB
NONE,PRO SECURITIES ATS,NEW YORK,UNITED STATES OF AMERICA,US
NONE,BANQUE DE LUXEMBOURG - SYSTEMATIC INTERNALISER,LUXEMBOURG,LUXEMBOURG,LU
NONE,INSTINET BLX (AU),SYDNEY,AUSTRALIA,AU
NONE,BME CLEARING S.A.,MADRID,SPAIN,ES
NONE,BMO CAPITAL MARKETS LIMITED,LONDON,UNITED KINGDOM,GB
NONE,BME - APA,MADRID,SPAIN,ES
NONE,BME - BOLSAS Y MERCADOS ESPANOLES,MADRID,SPAIN,ES
NONE,BANK OF MONTREAL - LONDON BRANCH - SYSTEMATIC INTERNALISER,LONDON,UNITED KINGDOM,GB
NONE,BLOOMBERG TRADING FACILITY LIMITED,LONDON,UNITED KINGDOM,GB
NONE,MTS BELGIUM,BRUSSELS,BELGIUM,BE
NONE,TRADEWEB DIRECT LLC,NEW YORK,UNITED STATES OF AMERICA,US
NONE,BANCA NAZIONALE DEL LAVORO SPA - SYSTEMATIC INTERNALISER,ROME,ITALY,IT
NONE,BNP PARIBAS ARBITRAGE SNC - SYSTEMATIC INTERNALISER,PARIS,FRANCE,FR
NONE,BNP PARIBAS FORTIS SA/NV- SYSTEMATIC INTERNALISER,BRUSSELS,BELGIUM,BE
NONE,BANK BGZ BNP PARIBAS S.A. - SYSTEMATIC INTERNALISER,WARSAW,POLAND,PL
NONE,BNP PARIBAS SA - SYSTEMATIC INTERNALISER,PARIS,FRANCE,FR
NONE,THE BANK OF NOVA SCOTIA - SYSTEMATIC INTERNALISER,TORONTO,CANADA,CA
NONE,BLOCKMATCH MTF NT,LONDON,UNITED KINGDOM,GB
NONE,CONVERGEX,NEW YORK,UNITED STATES OF AMERICA,US
NONE,"BANK OF AMERICA, NATIONAL ASSOCIATION - LONDON BRANCH OFFICE",LONDON,UNITED KINGDOM,GB
NONE,CINNOBER BOAT,LONDON,UNITED KINGDOM,GB
NONE,BANK OF SCOTLAND PLC - SYSTEMATIC INTERNALISER,EDINBURGH,UNITED KINGDOM,GB
NONE,BONDSCAPE,LONDON,UNITED KINGDOM,GB
NONE,NASDAQ OMX BX DARK,NEW YORK,UNITED STATES OF AMERICA,US
NONE,WARSAW STOCK EXCHANGE/BONDS/CATALYST/BONDSPOT/MTF,WARSAW,POLAND,PL
NONE,OFF EXCHANGE IDENTIFIER FOR OTC TRADES REPORTED TO CBOE EUROPE,LONDON,UNITED KINGDOM,GB
NONE,BOTSWANA STOCK EXCHANGE - EXCHANGE TRADED FUNDS (ETF),GABORONE,BOTSWANA,BW
NONE,BOTSWANA STOCK EXCHANGE - VENTURE CAPITAL,GABORONE,BOTSWANA,BW
NONE,BOLSA DE CORREDORES - BOLSA DE VALORES,VALPARAISO,CHILE,CL
NONE,BOLSA DE VALORES MINAS-ESPÍRITO SANTO-BRASÍLIA,ESPIRITO SANTO,BRAZIL,BR
NONE,PKO BANK POLSKI S.A. - SYSTEMATIC INTERNALISER,WARSAW,POLAND,PL
NONE,BARCLAYS BANK PLC,LONDON,UNITED KINGDOM,GB
NONE,BLOOMBERG BPOOL,NEW YORK,UNITED STATES OF AMERICA,US
NONE,BNP PARIBAS SECURITIES SERVICES - SYSTEMATIC INTERNALISER,PARIS,FRANCE,FR
NONE,BRD - GROUPE SOCIETE GENERALE S.A.,BUCHAREST,ROMANIA,RO
NONE,BRD - GROUPE SOCIETE GENERALE S.A. - LIQUIDITY PROVIDER,BUCHAREST,ROMANIA,RO
NONE,BRD - GROUPE SOCIETE GENERALE S.A. - SYSTEMATIC INTERNALISER,BUCHAREST,ROMANIA,RO
NONE,BANCA REALE - SYSTEMATIC INTERNALISER,TORINO,ITALY,IT
NONE,BLOCKMATCH MTF RFQ,LONDON,UNITED KINGDOM,GB
NONE,BRYAN GARNIER AND CO LIMITED,LONDON,UNITED KINGDOM,GB
NONE,BRAZILIAN ENERGY EXCHANGE,SAO PAULO,BRAZIL,BR
NONE,BERNSTEIN CROSS (BERN-X),LONDON,UNITED KINGDOM,GB
NONE,BAKU STOCK EXCHANGE,BAKU,AZERBAIJAN,AZ
NONE,BAYERNLB - FX HANDEL - SYSTEMATIC INTERNALISER,MUNICH,GERMANY,DE
NONE,BSE SME,MUMBAI,INDIA,IN
NONE,CME AMSTERDAM B.V.,AMSTERDAM,THE NETHERLANDS,NL
NONE,ICAP ELECTRONIC BROKING (US),JERSEY CITY,UNITED STATES OF AMERICA,US
NONE,BROKERTEC EUROPE LIMITED - ALL MARKETS,LONDON,UNITED KINGDOM,GB
NONE,BLOOMBERG TRADING FACILITY B.V.,AMSTERDAM,THE NETHERLANDS,NL
NONE,BTL OTC BILAT COMMODITY DERIVATIVES,LONDON,UNITED KINGDOM,GB
NONE,BITNOMIAL,CHICAGO,UNITED STATES OF AMERICA,US
NONE,CME AMSTERDAM B.V. - RFQ TRADING PROTOCOL,AMSTERDAM,THE NETHERLANDS,NL
NONE,BROKERTEC EUROPE LIMITED - RFQ TRADING PROTOCOL,LONDON,UNITED KINGDOM,GB
NONE,NASDAQ COMMODITIES - BULK COMMODITY,OSLO,NORWAY,NO
NONE,CARACAS STOCK EXCHANGE,CARACAS,VENEZUELA,VE
NONE,"BM&FBOVESPA S.A. - BOLSA DE VALORES, MERCADORIAS E FUTUROS",SAO PAULO,BRAZIL,BR
NONE,BONDVISION UK,LONDON,UNITED KINGDOM,GB
NONE,BOLSA ELECTRONICA DE VALORES DEL URUGUAY,MONTEVIDEO,URUGUAY,UY
NONE,BONDVISION US,NEW YORK,UNITED STATES OF AMERICA,US
CBOE,CBOE BYX U.S. EQUITIES EXCHANGE DARK,CHICAGO,UNITED STATES OF AMERICA,US
CBOE,CBOE BZX U.S. EQUITIES EXCHANGE DARK,CHICAGO,UNITED STATES OF AMERICA,US
CBOE,CBOE C2 OPTIONS EXCHANGE,CHICAGO,UNITED STATES OF AMERICA,US
NONE,CAIXABANK - SYSTEMATIC INTERNALISER,BARCELONA,SPAIN,ES
NONE,CME AMSTERDAM B.V. - APA,AMSTERDAM,THE NETHERLANDS,NL
NONE,CREDIT SUISSE AES CROSSFINDER,NEW YORK,UNITED STATES OF AMERICA,US
NONE,CANDEAL.CA INC,TORONTO,CANADA,CA
NONE,CANNEX FINANCIAL EXCHANGE LTS,TORONTO,CANADA,CA
CBOE,CBOE EUROPE - APA (NL),AMSTERDAM,THE NETHERLANDS,NL
NONE,CAPI - OTF,MADRID,SPAIN,ES
NONE,CARNEGIE INVESTMENT BANK AB - SYSTEMATIC INTERNALISER,STOCKHOLM,SWEDEN,SE
NONE,CATS,FRANKFURT,GERMANY,DE
NONE,CAVENDISH MARKETS B.V.,AMSTERDAM,THE NETHERLANDS,NL
NONE,CAVEAT EMPTOR,NEW YORK,UNITED STATES OF AMERICA,US
NONE,COMMONWEALTH BANK OF AUSTRALIA - LONDON BRANCH - SYSTEMATIC INTERNALISER,LONDON,UNITED KINGDOM,GB
NONE,COMMERZBANK AG,FRANKFURT,GERMANY,DE
NONE,COMMERZBANK  COMMODITY DERIVATIVES - SYSTEMATIC INTERNALISER,FRANKFURT,GERMANY,DE
NONE,COMMERZBANK EQUITY DERIVATIVES - SYSTEMATIC INTERNALISER,FRANKFURT,GERMANY,DE
NONE,COMMERZBANK EQUITY - SYSTEMATIC INTERNALISER,FRANKFURT,GERMANY,DE
NONE,COMMERZBANK COMMANDER - SYSTEMATIC INTERNALISER,FRANKFURT,GERMANY,DE
NONE,COMMERZBANK FIXED INCOME - SYSTEMATIC INTERNALISER,FRANKFURT,GERMANY,DE
NONE,CITIBLOC,NEW YORK,UNITED STATES OF AMERICA,US
NONE,CITIBANK N.A. LONDON,LONDON,UNITED KINGDOM,GB
NONE,"CESKOSLOVENSKA OBCHODNA BANKA, A.S. - SYSTEMATIC INTERNALISER",BRATISLAVA,SLOVAKIA,SK
CBOE,CBOE STOCK EXCHANGE,CHICAGO,UNITED STATES OF AMERICA,US
NONE,CME SWAPS MARKETS (CBOT),CHICAGO,UNITED STATES OF AMERICA,US
NONE,CITADEL CONNECT EUROPE - SYSTEMATIC INTERNALISER,LONDON,UNITED KINGDOM,GB
NONE,CASPY COMMODITY EXCHANGE,ASTANA,KAZAKHSTAN,KZ
NONE,CHINA FINANCIAL FUTURES EXCHANGE,SHANGHAI,CHINA,CN
NONE,FINESTI S.A.,LUXEMBOURG,LUXEMBOURG,LU
NONE,CONTINENTAL CAPITAL MARKETS LIMITED - OTF,LONDON,UNITED KINGDOM,GB
NONE,CONTINENTAL CAPITAL MARKETS S.A.,NYON,SWITZERLAND,CH
NONE,CANTORCO2E.COM LIMITED,LONDON,UNITED KINGDOM,GB
CBOE,CBOE EUROPE REGULATED MARKETS (NL),AMSTERDAM,THE NETHERLANDS,NL
CBOE,CBOE EUROPE EQUITIES - EUROPEAN EQUITIES (NL),AMSTERDAM,THE NETHERLANDS,NL
NONE,CITADEL SECURITIES,NEW YORK,UNITED STATES OF AMERICA,US
NONE,CLEARCORP DEALING SYSTEMS (INDIA) LTD.,MUMBAI,INDIA,IN
NONE,CME SWAPS MARKETS (COMEX),NEW YORK,UNITED STATES OF AMERICA,US
NONE,"?ESKOSLOVENSKÁ OBCHODNÍ BANKA, A.S. - OTHER LIQUIDITY PROVIDER (OLP)",PRAGUE,CZECH REPUBLIC,CZ
NONE,CITIBANK EUROPE PLC - SYSTEMATIC INTERNALISER,DUBLIN,IRELAND,IE
NONE,CITIBANK EUROPE PLC - LONDON BRANCH,LONDON,UNITED KINGDOM,GB
NONE,"?ESKOSLOVENSKÁ OBCHODNÍ BANKA, A.S. - SYSTEMATIC INTERNALISER",PRAGUE,CZECH REPUBLIC,CZ
NONE,CETIP S.A. - MERCADOS ORGANIZADOS,RIO DE JANEIRO,BRAZIL,BR
CBOE,CBOE EUROPE - DXE DARK ORDER BOOK (NL),AMSTERDAM,THE NETHERLANDS,NL
CBOE,CBOE EUROPE - DXE OFF-BOOK (NL),AMSTERDAM,THE NETHERLANDS,NL
CBOE,CBOE EUROPE - DXE ORDER BOOKS (NL),AMSTERDAM,THE NETHERLANDS,NL
NONE,CROSSFINDER AUSTRALIA,SYDNEY,AUSTRALIA,AU
NONE,CHINA FOREIGN EXCHANGE TRADE SYSTEM - SHANGHAI - HONG KONG BOND CONNECT,SHANGHAI,CHINA,CN
NONE,CROSSFINDER HONG KONG,HONG KONG,HONG KONG,HK
NONE,CREDIT FINANCIER INVEST (CFI) LTD,LARNACA,CYPRUS,CY
NONE,CROSSFINDER JAPAN,TOKYO,JAPAN,JP
NONE,CROSSFINDER TAIWAN,TAIWAN,TAIWAN,TW
NONE,CASSA DI COMPENSAZIONE E GARANZIA SPA - COLLATERALIZED MONEY MARKET GUARANTEE SERVICE,ROMA,ITALY,IT
NONE,CASSA DI COMPENSAZIONE E GARANZIA SPA - BONDS CCP SERVICE,ROMA,ITALY,IT
NONE,CASSA DI COMPENSAZIONE E GARANZIA SPA - EURO BONDS CCP SERVICE,ROMA,ITALY,IT
NONE,CITIGROUP GLOBAL MARKETS  EUROPE AG - EMEA LIQUIDITY HUB,FRANKFURT,GERMANY,DE
NONE,CITI MATCH DE CONTRA LIQUIDITY,FRANKFURT,GERMANY,DE
NONE,CITIGROUP GLOBAL MARKETS  EUROPE AG - EMEA TRADING,FRANKFURT,GERMANY,DE
NONE,CASSA DI COMPENSAZIONE E GARANZIA SPA - CCP AGRICULTURAL COMMODITY DERIVATIVES,ROMA,ITALY,IT
NONE,CASSA DI COMPENSAZIONE E GARANZIA SPA,ROMA,ITALY,IT
NONE,CITI MATCH AUSTRALIA,SYDNEY,AUSTRALIA,AU
NONE,CITIGROUP GLOBAL MARKETS  LIMITED – EMEA LIQUIDITY HUB,LONDON,UNITED KINGDOM,GB
NONE,CITIGROUP GLOBAL MARKETS EUROPE AG - SYSTEMATIC INTERNALISER,FRANKFURT,GERMANY,DE
NONE,CITIGROUP GLOBAL MARKETS EUROPE AG - LONDON BRANCH - SYSTEMATIC INTERNALISER,LONDON,UNITED KINGDOM,GB
NONE,CITI MATCH - HK,HONG KONG,HONG KONG,HK
NONE,CITIGROUP GLOBAL MARKETS,NEW YORK,UNITED STATES OF AMERICA,US
NONE,CITIGROUP GLOBAL MARKETS LIMITED,LONDON,UNITED KINGDOM,GB
NONE,CITIGROUP GLOBAL MARKETS  LIMITED - EMEA TRADING,LONDON,UNITED KINGDOM,GB
NONE,CITI MEXICO RPI (RETAIL PRICE IMPROVEMENT),MEXICO,MEXICO,MX
NONE,CASSA DI COMPENSAZIONE E GARANZIA SPA - CCP ENERGY DERIVATIVES,ROMA,ITALY,IT
NONE,CASSA DI COMPENSAZIONE E GARANZIA SPA - CCP EQUITY DERIVATIVES,ROMA,ITALY,IT
NONE,CASSA DI COMPENSAZIONE E GARANZIA SPA - EQUITY CCP SERVICE,ROMA,ITALY,IT
NONE,CASSA DI COMPENSAZIONE E GARANZIA SPA - TRIPARTY REPO CCP SERVICE,ROMA,ITALY,IT
NONE,CA CHEUVREUX,LONDON,UNITED KINGDOM,GB
NONE,CHI-X AUSTRALIA,SYDNEY,AUSTRALIA,AU
NONE,CHI-X CANADA ATS,TORONTO,CANADA,CA
CBOE,CBOE EUROPE - CXE DARK ORDER BOOK,LONDON,UNITED KINGDOM,GB
NONE,CHI-X JAPAN,TOKYO,JAPAN,JP
CBOE,CBOE EUROPE - CXE OFF-BOOK,LONDON,UNITED KINGDOM,GB
NONE,CHI-X JAPAN SELECT,TOKYO,JAPAN,JP
NONE,CHI-X JAPAN VWAP CROSSING,TOKYO,JAPAN,JP
CBOE,CBOE EUROPE - CXE ORDER BOOKS,LONDON,UNITED KINGDOM,GB
NONE,CANADIAN IMPERIAL BANK OF COMMERCE - SYSTEMATIC INTERNALISER,LONDON,UNITED KINGDOM,GB
NONE,CIB BANK - SYSTEMATIC INTERNALISER,BUDAPEST,HUNGARY,HU
NONE,CIBC WORLD MARKETS PLC - SYSTEMATIC INTERNALISER,LONDON,UNITED KINGDOM,GB
NONE,CIMD S.V. S.A. - OTF FOR BONDS,MADRID,SPAIN,ES
NONE,CIMD S.V. S.A. - OTF,MADRID,SPAIN,ES
NONE,CIMD S.V. S.A. - OTF FOR ENERGY DERIVATIVES,MADRID,SPAIN,ES
NONE,CIMD S.V. S.A. - OTF FOR DERIVATIVES,MADRID,SPAIN,ES
NONE,CIOI,NEW YORK,UNITED STATES OF AMERICA,US
NONE,CITI DARK,TOKYO,JAPAN,JP
NONE,CITI MATCH - JP,TOKYO,JAPAN,JP
NONE,CLSA AUSTRALIA - DARK,SYDNEY,AUSTRALIA,AU
NONE,CLSA HONG KONG - DARK,HONG KONG,HONG KONG,HK
NONE,CLSA JAPAN - DARK,TOKYO,JAPAN,JP
NONE,CLIMEX,UTRECHT,THE NETHERLANDS,NL
NONE,CLSA PHILIPPINES - DARK,MANILA,PHILIPPINES,PH
NONE,CLEARTRADE EXCHANGE,SINGAPORE,SINGAPORE,SG
NONE,VERTO MTF,LONDON,UNITED KINGDOM,GB
NONE,CREDIT INDUSTRIEL ET COMMERCIAL - SYSTEMATIC INTERNALISER,PARIS,FRANCE,FR
NONE,CME CLEARING EUROPE,LONDON,UNITED KINGDOM,GB
NONE,CME  EUROPE,LONDON,UNITED KINGDOM,GB
NONE,CME SWAPS MARKETS (CME),CHICAGO,UNITED STATES OF AMERICA,US
NONE,"CLEAR MARKETS JAPAN, INC.",TOKYO,JAPAN,JP
NONE,CLEAR MARKETS EUROPE LIMITED,LONDON,UNITED KINGDOM,GB
NONE,"CLEAR MARKETS NORTH AMERICA, INC.",CHARLOTTE,UNITED STATES OF AMERICA,US
NONE,CARNEGIE AS - SYSTEMATIC INTERNALISER,OSLO,NORWAY,NO
NONE,LA COTE ALPHA,PARIS,FRANCE,FR
NONE,CODA MARKETS - MICRO AND BLOCK,GLENVIEW,UNITED STATES OF AMERICA,US
NONE,COMMERG LTD.,SLIEMA,MALTA,MT
NONE,COMMERG,AMSTERDAM,THE NETHERLANDS,NL
NONE,CONCORDE SECURITIES LTD. - SYSTEMATIC INTERNALISER,BUDAPEST,HUNGARY,HU
NONE,CITIGROUP AGENCY OPTION AND EQUITIES ROUTING ENGINE,MOUNT PLEASANT,UNITED STATES OF AMERICA,US
NONE,BMO CAPITAL MARKETS - CAD OTC TRADES,TORONTO,CANADA,CA
NONE,"CLEARPOOL EXECUTION SERVICES, LLC",NEW YORK,UNITED STATES OF AMERICA,US
NONE,CAPTIN,AMSTERDAM,THE NETHERLANDS,NL
NONE,CREDIT SUISSE (US),NEW YORK,UNITED STATES OF AMERICA,US
NONE,CREDEM BANCA - SYSTEMATIC INTERNALISER,REGGIO EMILIA,ITALY,IT
NONE,CRYEX - FX AND DIGITAL CURRENCIES,STOCKHOLM,SWEDEN,SE
NONE,CRYPTO FACILITIES,LONDON,UNITED KINGDOM,GB
NONE,CRYEX,STOCKHOLM,SWEDEN,SE
NONE,CREDIT SUISSE AG,ZURICH,SWITZERLAND,CH
NONE,CREDIT SUISSE EQUITIES (AUSTRALIA) LIMITED,SYDNEY,AUSTRALIA,AU
NONE,CREDIT SUISSE AES EUROPE BENCHMARK CROSS,LONDON,UNITED KINGDOM,GB
NONE,CREDIT SUISSE AES CROSSFINDER EUROPE,LONDON,UNITED KINGDOM,GB
NONE,CREDIT SUISSE AKTIENGESELLSCHAFT,FRANKFURT,GERMANY,DE
NONE,CITADEL SECURITIES FI - SYSTEMATIC INTERNALISER,LONDON,UNITED KINGDOM,GB
NONE,CREDIT SUISSE (EUROPE),LONDON,UNITED KINGDOM,GB
NONE,CITADEL SECURITIES FI - EUROPE - SYSTEMATIC INTERNALISER,DUBLIN,IRELAND,IE
NONE,CREDIT SUISSE SECURITIES (HONG KONG) LIMITED,HONG KONG,HONG KONG,HK
NONE,CREDIT SUISSE INTERNATIONAL,LONDON,UNITED KINGDOM,GB
NONE,CREDIT SUISSE EQUITIES (JAPAN) LIMITED,TOKYO,JAPAN,JP
NONE,CREDIT SUISSE AG - LONDON BRANCH,LONDON,UNITED KINGDOM,GB
NONE,"CREDIT SUISSE SECURITIES SOCIEDAD DE VALORES, S.A.",MADRID,SPAIN,ES
NONE,"?ESKOSLOVENSKÁ OBCHODNÍ BANKA, A.S.",PRAGUE,CZECH REPUBLIC,CZ
NONE,CREDIT SUISSE AG - OHS,ZURICH,SWITZERLAND,CH
NONE,CREDIT SUISSE INTERNATIONAL - SYSTEMATIC INTERNALISER,LONDON,UNITED KINGDOM,GB
NONE,CHINA STAINLESS STEEL EXCHANGE,WUXI,CHINA,CN
NONE,NASDAQ CLEARING AB,STOCKHOLM,SWEDEN,SE
NONE,CREDIT SUISSE (CH),ZURICH,SWITZERLAND,CH
NONE,CUREX FX,NEW YORK,UNITED STATES OF AMERICA,US
NONE,CHI-X MARKET AUSTRALIA - LIMIT VENUE,SYDNEY,AUSTRALIA,AU
NONE,CHI-X AUSTRALIA MARKET PEG (FARPOINT) VENUE,SYDNEY,AUSTRALIA,AU
NONE,CHI-X MOC,SYDNEY,AUSTRALIA,AU
NONE,CHI-X AUSTRALIA PRIMARY PEG (NEARPOINT) VENUE,SYDNEY,AUSTRALIA,AU
NONE,CHI-X AUSTRALIA MID-POINT VENUE,SYDNEY,AUSTRALIA,AU
NONE,CHI-X AUSTRALIA -QUOTED MANAGED FUNDS,SYDNEY,AUSTRALIA,AU
NONE,CHI-X AUSTRALIA - TRANSFERABLE CUSTODY RECEIPT MARKET,SYDNEY,AUSTRALIA,AU
NONE,CHI-X VWAP,SYDNEY,AUSTRALIA,AU
NONE,CHI-X AUSTRALIA - WARRANTS,SYDNEY,AUSTRALIA,AU
NONE,CREDITEX BROKERAGE LLP - OTF,LONDON,UNITED KINGDOM,GB
NONE,CREDITEX BROKERAGE LLP - MTF,LONDON,UNITED KINGDOM,GB
NONE,DAIWA CAPITAL MARKETS EUROPE LIMITED,LONDON,UNITED KINGDOM,GB
NONE,DEUTSCHE BOERSE AG - APA SERVICE,FRANKFURT,GERMANY,DE
NONE,DASH ATS,CHICAGO,UNITED STATES OF AMERICA,US
NONE,DANSKE BANK A/S - SYSTEMATIC INTERNALISER,COPENHAGEN,DENMARK,DK
NONE,J AND E DAVY - IRISH GOVERNMENT BOND - SYSTEMATIC INTERNALISER,DUBLIN,IRELAND,IE
NONE,DEUTSCHE BANK SECURITIES INC.,NEW YORK,UNITED STATES OF AMERICA,US
NONE,DEUTSCHE BANK AG,FRANKFURT,GERMANY,DE
NONE,DEUTSCHE BANK - CENTRAL RISK BOOK,LONDON,UNITED KINGDOM,GB
NONE,DEUTSCHE BANK - CLOSE CROSS,LONDON,UNITED KINGDOM,GB
NONE,DEUTSCHE BANK - DIRECT CAPITAL ACCESS,LONDON,UNITED KINGDOM,GB
NONE,DEUTSCHE BANK AG - SYSTEMATIC INTERNALISER,FRANKFURT,GERMANY,DE
NONE,DEUTSCHE BANK HONG KONG ATS,HONG KONG,HONG KONG,HK
NONE,DEUTSCHE BANK INTERNALISATION,LONDON,UNITED KINGDOM,GB
NONE,DEUTSCHE BANK AG - LONDON - SYSTEMATIC INTERNALISER,FRANKFURT,GERMANY,DE
NONE,DEUTSCHE BANK LUXEMBOURG S.A.,LUXEMBOURG,LUXEMBOURG,LU
NONE,DEUTSCHE BANK - MANUAL OTC,FRANKFURT,GERMANY,DE
NONE,DEUTSCHE BANK OFF EXCHANGE TRADING,FRANKFURT,GERMANY,DE
NONE,DEUTSCHE BANK - SUPERX EU,LONDON,UNITED KINGDOM,GB
NONE,DEUTSCHE BANK SUPER X,NEW YORK,UNITED STATES OF AMERICA,US
NONE,NASDAQ COPENHAGEN A/S - NORDIC@MID,COPENHAGEN,DENMARK,DK
NONE,DUTCH CARIBBEAN SECURITIES EXCHANGE,WILLEMSTAD,CURACAO,CW
NONE,DEAL DONE TRADING - SYSTEMATIC INTERNALISER,FIRENZE,ITALY,IT
NONE,DCX (DERIVATIVES CURRENCY EXCHANGE),NEW YORK,UNITED STATES OF AMERICA,US
NONE,DEKABANK DEUTSCHE GIROZENTRALE,FRANKFURT AM MAIN,GERMANY,DE
NONE,DUBAI GOLD & COMMODITIES EXCHANGE DMCC,DUBAI,UNITED ARAB EMIRATES,AE
NONE,NASDAQ HELSINKI LTD - NORDIC@MID,HELSINKI,FINLAND,FI
NONE,DEUTSCHE HOLDINGS (LUXEMBOURG) S.A R.L.,LUXEMBOURG,LUXEMBOURG,LU
NONE,NASDAQ ICELAND HF. - NORDIC@MID,REYKJAVIK,ICELAND,IS
NONE,NASDAQ DUBAI,DUBAI,UNITED ARAB EMIRATES,AE
NONE,NASDAQ STOCKHOLM AB - DANISH EQ DERIVATIVES,STOCKHOLM,SWEDEN,SE
NONE,NASDAQ STOCKHOLM AB - DANISH FI DERIVATIVES,STOCKHOLM,SWEDEN,SE
NONE,DANSK OTC,HORSENS,DENMARK,DK
NONE,FIRST NORTH DENMARK - NORDIC@MID,COPENHAGEN,DENMARK,DK
NONE,FIRST NORTH FINLAND - NORDIC@MID,HELSINKI,FINLAND,FI
NONE,FIRST NORTH ICELAND - NORDIC@MID,REYKJAVIK,ICELAND,IS
NONE,FIRST NORTH SWEDEN - NORDIC@MID,STOCKHOLM,SWEDEN,SE
NONE,FIRST NORTH SWEDEN - NORWAY NORDIC@MID,STOCKHOLM,SWEDEN,SE
NONE,SWISS DOTS BY CATS,ZURICH,SWITZERLAND,CH
NONE,DOWGATE,LONDON,UNITED KINGDOM,GB
NONE,DOWGATE - MTF (MADRID),MADRID,SPAIN,ES
NONE,DAIWA DRECT,TOKYO,JAPAN,JP
NONE,QATAR EXCHANGE,DOHA,QATAR,QA
NONE,FIRST NORTH DENMARK -SME GROWTH MARKET,COPENHAGEN,DENMARK,DK
NONE,NASDAQ STOCKHOLM AB - NORDIC@MID,STOCKHOLM,SWEDEN,SE
NONE,DUBAI MERCANTILE EXCHANGE,DUBAI,UNITED ARAB EMIRATES,AE
NONE,BOERSE DUESSELDORF - REGULIERTER MARKT,DUESSELDORF,GERMANY,DE
NONE,BOERSE DUESSELDORF - FREIVERKEHR,DUESSELDORF,GERMANY,DE
NONE,BOERSE DUESSELDORF - QUOTRIX - REGULIERTER MARKT,DUESSELDORF,GERMANY,DE
NONE,BOERSE DUESSELDORF - QUOTRIX MTF,DUESSELDORF,GERMANY,DE
NONE,DIGITAL VEGA,LONDON,UNITED KINGDOM,GB
NONE,DEALERWEB FIXED INCOME,JERSEY CITY,UNITED STATES OF AMERICA,US
NONE,DW SEF LLC,NEW YORK,UNITED STATES OF AMERICA,US
NONE,DZ BANK - SYSTEMATIC INTERNALISER,FRANKFURT,GERMANY,DE
NONE,SSY FUTURES LTD -  FREIGHT SCREEN,LONDON,UNITED KINGDOM,GB
NONE,ERSTE BANK HUNGARY ZRT. - SYSTEMATIC INTERNALISER,BUDAPEST,HUNGARY,HU
NONE,EBM - MTF,ROMA,ITALY,IT
NONE,NASDAQ STOCKHOLM AB - EUR FI DERIVATIVES,STOCKHOLM,SWEDEN,SE
NONE,BRATISLAVA STOCK EXCHANGE - MTF,BRATISLAVA,SLOVAKIA,SK
NONE,"EBS MARKET- CLOB - FOR THE TRADING OF SPOT FX, PRECIOUS METALS AND OTHER FX PRODUCTS",ZURICH,SWITZERLAND,CH
NONE,EBS MTF - CLOB - FOR THE TRADING OF FX PRODUCTS,LONDON,UNITED KINGDOM,GB
NONE,EBS MTF,AMSTERDAM,THE NETHERLANDS,NL
NONE,EBS SERVICE COMPANY LIMITED - ALL MARKETS,ZURICH,SWITZERLAND,CH
NONE,EUREX CLEARING AG,FRANKFURT,GERMANY,DE
NONE,EUREX CLEARING ASIA PTE. LTD.,SINGAPORE,SINGAPORE,SG
NONE,TRADECHO EU APA,AMSTERDAM,THE NETHERLANDS,NL
NONE,LONDON STOCK EXCHANGE - APA,LONDON,UNITED KINGDOM,GB
NONE,ENTERPRISE COMMODITY SERVICES LIMITED,LONDON,UNITED KINGDOM,GB
CBOE,CBOE EDGX U.S. EQUITIES EXCHANGE DARK,CHICAGO,UNITED STATES OF AMERICA,US
CBOE,CBOE EDGA U.S. EQUITIES EXCHANGE,CHICAGO,UNITED STATES OF AMERICA,US
CBOE,CBOE EDGA U.S. EQUITIES EXCHANGE DARK,CHICAGO,UNITED STATES OF AMERICA,US
CBOE,CBOE EDGX OPTIONS EXCHANGE,CHICAGO,UNITED STATES OF AMERICA,US
CBOE,CBOE EDGX U.S. EQUITIES EXCHANGE,CHICAGO,UNITED STATES OF AMERICA,US
NONE,EDMOND DE ROTHSCHILD  (FRANCE) - SYSTEMATIC INTERNALISER,PARIS,FRANCE,FR
NONE,EUREX EXCHANGE ASIA PTE. LTD.,SINGAPORE,SINGAPORE,SG
NONE,EAST EUROPEAN STOCK EXCHANGE,KIEV,UKRAINE,UA
NONE,EG MARKET TECHNOLOGIES,NEW YORK,UNITED STATES OF AMERICA,US
NONE,ERSTE GROUP BANK AG,VIENNA,AUSTRIA,AT
NONE,AQUIS EXCHANGE PLC AQUIS - EIX INFRASTRUCTURE BOND MARKET,LONDON,UNITED KINGDOM,GB
NONE,NASDAQ COMMODITIES - EUR POWER/ENERGY,OSLO,NORWAY,NO
NONE,ELIXIUM,LONDON,UNITED KINGDOM,GB
NONE,NASDAQ COMMODITIES - NOK POWER/ENERGY,OSLO,NORWAY,NO
NONE,NASDAQ COMMODITIES - SEK POWER/ENERGY,OSLO,NORWAY,NO
NONE,NASDAQ COMMODITIES - GBP POWER/ENERGY,OSLO,NORWAY,NO
NONE,ELIXIUM S.A.,PARIS,FRANCE,FR
NONE,EMERGING MARKETS BOND EXCHANGE LIMITED,LONDON,UNITED KINGDOM,GB
NONE,E-MID - E-MIDER MARKET,MILANO,ITALY,IT
NONE,E-MID - BANCA D'ITALIA SHARES TRADING MARKET,MILANO,ITALY,IT
NONE,E-MID,MILANO,ITALY,IT
NONE,E-MID REPO,MILANO,ITALY,IT
MIAX,"MIAX EMERALD, LLC",PRINCETON,UNITED STATES OF AMERICA,US
NONE,EURO MTF,LUXEMBOURG,LUXEMBOURG,LU
NONE,ATHENS EXCHANGE ALTERNATIVE MARKET,ATHENS,GREECE,GR
NONE,ENCLEAR,LONDON,UNITED KINGDOM,GB
NONE,EURONEXT SYNAPSE,LONDON,UNITED KINGDOM,GB
NONE,EURONEXT ACCESS LISBON,LISBOA,PORTUGAL,PT
NONE,E-OTC,HONG KONG,HONG KONG,HK
NONE,EPEX SPOT SE,PARIS,FRANCE,FR
NONE,EQUILEND LIMITED,DUBLIN,IRELAND,IE
NONE,EQUILEND EUROPE LIMITED,LONDON,UNITED KINGDOM,GB
NONE,BOERSE BERLIN EQUIDUCT TRADING - REGULIERTER MARKT,BERLIN,GERMANY,DE
NONE,BOERSE BERLIN EQUIDUCT TRADING - BERLIN SECOND REGULATED MARKET,BERLIN,GERMANY,DE
NONE,BOERSE BERLIN EQUIDUCT TRADING - FREIVERKEHR,BERLIN,GERMANY,DE
NONE,BOERSE BERLIN EQUIDUCT TRADING - OTC,BERLIN,GERMANY,DE
NONE,EUROBANK - SYSTEMATIC INTERNALISER,ATHENS,GREECE,GR
NONE,ERSX,CHICAGO,UNITED STATES OF AMERICA,US
NONE,ERSTE BEFEKTETESI ZRT - SYSTEMATIC INTERNALISER,BUDAPEST,HUNGARY,HU
NONE,NASDAQ STOCKHOLM AB – NORWAY ETF,STOCKHOLM,SWEDEN,SE
NONE,"ELECTRONIC ETF, ETC/ETN AND OPEN-END FUNDS MARKET",MILANO,ITALY,IT
NONE,EUROTLX,MILANO,ITALY,IT
NONE,ENERGY TRADING PLATFORM AMSTERDAM,AMSTERDAM,THE NETHERLANDS,NL
NONE,ETS EURASIAN TRADING SYSTEM COMMODITY EXCHANGE,ALMATY,KAZAKHSTAN,KZ
NONE,CITADEL CONNECT EUROPE - EU - SYSTEMATIC INTERNALISER,DUBLIN,IRELAND,IE
NONE,EUWAX AG - SYSTEMATIC INTERNALISER,STUTTGART,GERMANY,DE
NONE,NASDAQ STOCKHOLM AB - EUR WB EQ DERIVATIVES,STOCKHOLM,SWEDEN,SE
NONE,EUWAX,STUTTGART,GERMANY,DE
NONE,"WIENER BOERSE AG, AUSTRIAN ENERGY EXCHANGE",VIENNA,AUSTRIA,AT
NONE,EXANE BNP PARIBAS - BID-OFFER CROSSING,LONDON,UNITED KINGDOM,GB
NONE,EXANE BNP PARIBAS - CLOSING PRICE,LONDON,UNITED KINGDOM,GB
NONE,EXANE BNP PARIBAS - DIRECT CAPITAL ACCESS,LONDON,UNITED KINGDOM,GB
NONE,EXANE BNP PARIBAS,LONDON,UNITED KINGDOM,GB
NONE,EXANE BNP PARIBAS - LIQUIDITY PROVISION,LONDON,UNITED KINGDOM,GB
NONE,EXANE BNP PARIBAS - MID POINT,LONDON,UNITED KINGDOM,GB
NONE,EXANE BNP PARIBAS - CHILD ORDER CROSSING,LONDON,UNITED KINGDOM,GB
NONE,EXOTIX CAPITAL  - OTF,LONDON,UNITED KINGDOM,GB
NONE,EXPERT MARKET,NEW YORK,UNITED STATES OF AMERICA,US
NONE,EXANE DERIVATIVES - SYSTEMATIC INTERNALISER CORPORATE BONDS,PARIS,FRANCE,FR
NONE,EXANE DERIVATIVES - SYSTEMATIC INTERNALISER OTC DERIVATIVES,PARIS,FRANCE,FR
NONE,EXANE BNP PARIBAS - SYSTEMATIC INTERNALISER,PARIS,FRANCE,FR
NONE,EXANE DERIVATIVES - SYSTEMATIC INTERNALISER OTHER BONDS,PARIS,FRANCE,FR
NONE,EXANE DERIVATIVES - SYSTEMATIC INTERNALISER SHARES,PARIS,FRANCE,FR
NONE,EXANE BNP PARIBAS - GB - SYSTEMATIC INTERNALISER,LONDON,UNITED KINGDOM,GB
NONE,EXANE DERIVATIVES - SYSTEMATIC INTERNALISER STRUCTURED PRODUCTS,PARIS,FRANCE,FR
NONE,EXANE DERIVATIVES - SYSTEMATIC INTERNALISER,PARIS,FRANCE,FR
NONE,ENERGY EXCHANGE ISTANBUL,ISTANBUL,TURKEY,TR
NONE,EXANE BNP PARIBAS - VOLUME PROFILE CROSSING,LONDON,UNITED KINGDOM,GB
NONE,EXANE DERIVATIVES - SYSTEMATIC INTERNALISER CONVERTIBLES,PARIS,FRANCE,FR
NONE,CANTOR SPREADFAIR,LONDON,UNITED KINGDOM,GB
NONE,EURONEXT FX,NEW YORK,UNITED STATES OF AMERICA,US
NONE,FINECO BANK - SYSTEMATIC INTERNALISER,MILANO,ITALY,IT
NONE,CHICAGO BOARD OF TRADE (FLOOR),CHICAGO,UNITED STATES OF AMERICA,US
NONE,CHICAGO MERCANTILE EXCHANGE (FLOOR),CHICAGO,UNITED STATES OF AMERICA,US
NONE,KAASUPORSSI - FINNISH GAS EXCHANGE,ESPOO,FINLAND,FI
NONE,FINANCIALCONTENT,SAN CARLOS,UNITED STATES OF AMERICA,US
NONE,FINANCIAL INFORMATION CONTRIBUTORS EXCHANGE,RODGAU,GERMANY,DE
NONE,NASDAQ STOCKHOLM AB - FINNISH EQ DERIVATIVES,STOCKHOLM,SWEDEN,SE
NONE,FINRA/NASDAQ TRF CHICAGO (TRADE REPORTING FACILITY),NEW YORK,UNITED STATES OF AMERICA,US
NONE,FINRA/NASDAQ TRF CARTERET (TRADE REPORTING FACILITY),NEW YORK,UNITED STATES OF AMERICA,US
NONE,FINRA ORF (TRADE REPORTING FACILITY),WASHINGTON,UNITED STATES OF AMERICA,US
NONE,FINRA,WASHINGTON,UNITED STATES OF AMERICA,US
NONE,FINRA/NYSE TRF (TRADE REPORTING FACILITY),WASHINGTON,UNITED STATES OF AMERICA,US
NONE,FISH POOL ASA,BERGEN,NORWAY,NO
NONE,FREIGHT INVESTOR SERVICES LIMITED,LONDON,UNITED KINGDOM,GB
NONE,FLOW TRADERS - SYSTEMATIC INTERNALISER,AMSTERDAM,THE NETHERLANDS,NL
NONE,FLOW TRADERS,AMSTERDAM,THE NETHERLANDS,NL
NONE,MTS FRANCE SAS,PARIS,FRANCE,FR
NONE,FENICS - US TREASURIES,NEW YORK,UNITED STATES OF AMERICA,US
NONE,FIRST NORTH DENMARK,COPENHAGEN,DENMARK,DK
NONE,FIRST NORTH ESTONIA,TALLINN,ESTONIA,EE
NONE,FIRST NORTH FINLAND,HELSINKI,FINLAND,FI
NONE,FIRST NORTH ICELAND,REYKJAVIK,ICELAND,IS
NONE,FIRST NORTH LITHUANIA,VILNIUS,LITHUANIA,LT
NONE,FIRST NORTH LATVIA,RIGA,LATVIA,LV
NONE,FIRST NORTH SWEDEN,STOCKHOLM,SWEDEN,SE
NONE,FINANTIA UK LIMITED - SYSTEMATIC INTERNALISER,LONDON,UNITED KINGDOM,GB
NONE,BOERSE FRANKFURT - REGULIERTER MARKT,FRANKFURT,GERMANY,DE
NONE,BOERSE FRANKFURT - FREIVERKEHR,FRANKFURT,GERMANY,DE
NONE,BOERSE FRANKFURT - SCALE,FRANKFURT,GERMANY,DE
NONE,BOERSE FRANKFURT – REGULIERTERMARKT – OFF-BOOK,FRANKFURT,GERMANY,DE
NONE,BOERSE FRANKFURT – FREIVERKEHR– OFF-BOOK,FRANKFURT,GERMANY,DE
NONE,BOERSE FRANKFURT – SCALE – OFF-BOOK,FRANKFURT,GERMANY,DE
NONE,NASDAQ COMMODITIES - FREIGHT COMMODITY,OSLO,NORWAY,NO
NONE,FORTE  - OTF,LONDON,UNITED KINGDOM,GB
NONE,FTSEF LLC,GREAT NECK,UNITED STATES OF AMERICA,US
NONE,FISHEX,TROMSO,NORWAY,NO
NONE,FIRST NORTH FINLAND - SME GROWTH MARKET,HELSINKI,FINLAND,FI
NONE,42 FINANCIAL SERVICES - MTF,PRAGUE,CZECH REPUBLIC,CZ
NONE,42 FINANCIAL SERVICES,PRAGUE,CZECH REPUBLIC,CZ
NONE,FLOW TRADERS U.S LLC,NEW YORK,UNITED STATES OF AMERICA,US
NONE,FXALL,NEW YORK,UNITED STATES OF AMERICA,US
NONE,CLEARCORP DEALING SYSTEMS INDIA LIMITED – FX-CLEAR,MUMBAI,INDIA,IN
NONE,FXCM,NEW YORK,UNITED STATES OF AMERICA,US
NONE,FINANCIAL AND RISK TRANSACTIONS SERVICES IRELAND LIMITED - FORWARDS MATCHING,DUBLIN,IRELAND,IE
NONE,FXCM - MTF,LONDON,UNITED KINGDOM,GB
NONE,TRADITION-NEX OTF,LONDON,UNITED KINGDOM,GB
NONE,FINANCIAL AND RISK TRANSACTIONS SERVICES IRELAND LIMITED - FXALL RFQ MTF,DUBLIN,IRELAND,IE
NONE,CLEARCORP DEALING SYSTEMS INDIA LIMITED – FX-SWAP,MUMBAI,INDIA,IN
NONE,G1 EXECUTION SERVICES,CHICAGO,UNITED STATES OF AMERICA,US
NONE,BOURSE AFRICA LIMITED,EBENE,MAURITIUS,MU
NONE,BULGARIAN STOCK EXCHANGE - SME GROWTH MARKET BEAM,SOFIA,BULGARIA,BG
NONE,NASDAQ STOCKHOLM AB – GBP WB EQ DERIVATIVES,STOCKHOLM,SWEDEN,SE
NONE,GEMMA (GILT EDGED MARKET MAKERS’ASSOCIATION),LONDON,UNITED KINGDOM,GB
NONE,LITHUANIAN NATURAL GAS EXCHANGE,VILNIUS,LITHUANIA,LT
NONE,GFI BROKERS - MTF,LONDON,UNITED KINGDOM,GB
NONE,GFI BROKERS - OTF,LONDON,UNITED KINGDOM,GB
NONE,GFI BROKERS,LONDON,UNITED KINGDOM,GB
NONE,GFI SECURITIES LTD,LONDON,UNITED KINGDOM,GB
NONE,GFI FOREXMATCH,LONDON,UNITED KINGDOM,GB
NONE,GFI ENERGYMATCH,LONDON,UNITED KINGDOM,GB
NONE,GFI RATESMATCH,LONDON,UNITED KINGDOM,GB
NONE,GARANTUM FONDKOMMISSION AB - SYSTEMATIC INTERNALISER,STOCKHOLM,SWEDEN,SE
NONE,GFI PARIS - OTF,PARIS,FRANCE,FR
NONE,GFI SECURITIES LTD - MTF,LONDON,UNITED KINGDOM,GB
NONE,GFI SECURITIES LTD - OTF,LONDON,UNITED KINGDOM,GB
NONE,GOLDMAN SACHS INTERNATIONAL PARIS BRANCH,PARIS,FRANCE,FR
NONE,CME GLOBEX,CHICAGO,UNITED STATES OF AMERICA,US
NONE,GATE US LLC,NEW YORK,UNITED STATES OF AMERICA,US
NONE,GLMX,NEW YORK,UNITED STATES OF AMERICA,US
NONE,"ESSEX RADEZ, LLC",CHICAGO,UNITED STATES OF AMERICA,US
NONE,"ACS EXECUTION SERVICES, LLC",RED BANK,UNITED STATES OF AMERICA,US
NONE,GMEX EXCHANGE,LONDON,UNITED KINGDOM,GB
NONE,GRIFFIN MARKETS EUROPE - OTF,PARIS,FRANCE,FR
NONE,GRIFFIN MARKETS EUROPE,PARIS,FRANCE,FR
NONE,GMG DUBAI LIMITED,DUBAI,UNITED ARAB EMIRATES,AE
NONE,GMG BROKERS LIMITED,LONDON,UNITED KINGDOM,GB
ISE,ISE GEMINI EXCHANGE,NEW YORK,UNITED STATES OF AMERICA,US
NONE,GALAXY,PARIS,FRANCE,FR
NONE,GLOBAL OTC,CHICAGO,UNITED STATES OF AMERICA,US
NONE,GOVEX,BOSTON,UNITED STATES OF AMERICA,US
NONE,GPB-FINANCIAL SERVICES LTD - SYSTEMATIC INTERNALISER,LIMASSOL,CYPRUS,CY
NONE,THE GREEN EXCHANGE,CHICAGO,UNITED STATES OF AMERICA,US
NONE,GRIFFIN MARKETS LIMITED,LONDON,UNITED KINGDOM,GB
NONE,GRIFFIN MARKETS LIMITED - OTF,LONDON,UNITED KINGDOM,GB
NONE,THE GREEN STOCK EXCHANGE - ACB IMPACT MARKETS,LONDON,UNITED KINGDOM,GB
NONE,GOLDMAN SACHS (ASIA) LLC,HONG KONG,HONG KONG,HK
NONE,GOLDMAN SACHS BANK EUROPE SE,FRANKFURT,GERMANY,DE
NONE,THE GUYANA ASSOCIATION OF SECURITIES COMPANIES AND INTERMEDIARIES INC.,GEORGETOWN,GUYANA,GY
NONE,GOLDMAN SACHS AND CO.,NEW YORK,UNITED STATES OF AMERICA,US
NONE,"GFI SWAPS EXCHANGE, LLC",NEW YORK,UNITED STATES OF AMERICA,US
NONE,GOLDMAN SACHS BANK EUROPE SE - SYSTEMATIC INTERNALISER,FRANKFURT,GERMANY,DE
NONE,GOLDMAN SACHS INTERNATIONAL BANK,LONDON,UNITED KINGDOM,GB
NONE,GOLDMAN SACHS INTERNATIONAL,LONDON,UNITED KINGDOM,GB
NONE,GOLDMAN SACHS INTERNATIONAL PARIS BRANCH - SYSTEMATIC INTERNALISER,PARIS,FRANCE,FR
NONE,GOLDMAN SACHS INTERNATIONAL - SYSTEMATIC INTERNALISER,LONDON,UNITED KINGDOM,GB
NONE,GSX CHINA,BEIJING,CHINA,CN
NONE,GSX HONG KONG,HONG KONG,HONG KONG,HK
NONE,GSX KOREA,SEOUL KOREA,REPUBLIC OF,KR
NONE,THE GIBRALTAR STOCK EXCHANGE,GIBRALTAR,GIBRALTAR,GI
NONE,GSX TAIWAN,TAIPEI,TAIWAN,TW
NONE,KCG AMERICAS LLC,NEW YORK,UNITED STATES OF AMERICA,US
NONE,GTSX,NEW YORK,UNITED STATES OF AMERICA,US
NONE,GTX ECN,HAMILTON,BERMUDA,BM
NONE,"GTX SEF, LLC",BEDMINSTER,UNITED STATES OF AMERICA,US
NONE,GX MARKETCENTER,VILA,VANUATU,VU
NONE,BOERSE HAMBURG - REGULIERTER MARKT,HAMBURG,GERMANY,DE
NONE,BOERSE HAMBURG - FREIVERKEHR,HAMBURG,GERMANY,DE
NONE,BOERSE HAMBURG - LANG AND SCHWARZ EXCHANGE,HAMBURG,GERMANY,DE
NONE,BOERSE HAMBURG - LANG AND SCHWARZ EXCHANGE - REGULIERTER MARKT,HAMBURG,GERMANY,DE
NONE,BOERSE HAMBURG - LANG AND SCHWARZ EXCHANGE - FREIVERKEHR,HAMBURG,GERMANY,DE
NONE,BOERSE HANNOVER - REGULIERTER MARKT,HANNOVER,GERMANY,DE
NONE,BOERSE HANNOVER - FREIVERKEHR,HANNOVER,GERMANY,DE
NONE,HSBC CONTINENTAL EUROPE - SYSTEMATIC INTERNALISER,PARIS,FRANCE,FR
NONE,HSBC BANK POLSKA S.A. - SYSTEMATIC INTERNALISER,WARSAW,POLAND,PL
NONE,ICE CLEAR NETHERLANDS B.V.,AMSTERDAM,THE NETHERLANDS,NL
NONE,ELECTRONIC SECONDARY SECURITIES MARKET (HDAT),ATHENS,GREECE,GR
NONE,NADEX,CHICAGO,UNITED STATES OF AMERICA,US
NONE,HELABA - SYSTEMATIC INTERNALISER,FRANKFURT,GERMANY,DE
NONE,HENEX S.A.,ATHENS,GREECE,GR
NONE,HI-MTF ORDER DRIVEN,MILANO,ITALY,IT
NONE,HI-MTF,MILANO,ITALY,IT
NONE,HELLENIC EXCHANGE OTC MARKET,ATHENS,GREECE,GR
NONE,HPC ETRADING,PARIS,FRANCE,FR
NONE,HPC ENERGY TRADING,PARIS,FRANCE,FR
NONE,HPC SA - VOICE OTF,PARIS,FRANCE,FR
NONE,HPC SA,PARIS,FRANCE,FR
NONE,POTAMUS TRADING LLC,BOSTON,UNITED STATES OF AMERICA,US
NONE,HRTEU LIMITED - SYSTEMATIC INTERNALISER,DUBLIN,IRELAND,IE
NONE,HI-MTF RFQ,MILANO,ITALY,IT
NONE,HUDSON RIVER TRADING - SYSTEMATIC INTERNALISER,LONDON,UNITED KINGDOM,GB
NONE,HUDSON RIVER TRADING (HRT),NEW YORK,UNITED STATES OF AMERICA,US
NONE,HUDSON RIVER TRADING,NEW YORK,UNITED STATES OF AMERICA,US
NONE,HSBC - SYSTEMATIC INTERNALISER,LONDON,UNITED KINGDOM,GB
NONE,HSBC TRINKAUS AND BURKHARDT AG - SYSTEMATIC INTERNALISER,DUESSELDORF,GERMANY,DE
NONE,HOTSPOT FX,JERSEY CITY,UNITED STATES OF AMERICA,US
NONE,HANOI STOCK EXCHANGE,HANOI,VIET NAM,VN
NONE,HSBC-X HONG KONG,HONG KONG,HONG KONG,HK
NONE,HUNGARIAN DERIVATIVE ENERGY EXCHANGE,BUDAPEST,HUNGARY,HU
NONE,HUNGARIAN POWER EXCHANGE,BUDAPEST,HUNGARY,HU
NONE,INTERACTIVE BROKERS LLC - ATS,GREENWICH,UNITED STATES OF AMERICA,US
NONE,ICE BENCHMARK ADMINISTRATION,LONDON,UNITED KINGDOM,GB
NONE,INVEST BANCA - IBIS EQUITY - SYSTEMATIC INTERNALISER,FLORENCE,ITALY,IT
NONE,IBERCAJA BANCO SA,ZARAGOZA,SPAIN,ES
NONE,INDEPENDENT BULGARIAN ENERGY EXCHANGE,SOFIA,BULGARIA,BG
NONE,IBERIAN GAS HUB,BILBAO,SPAIN,ES
NONE,INVEST BANCA - SYSTEMATIC INTERNALISER,FLORENCE,ITALY,IT
NONE,BULGARIAN STOCK EXCHANGE - INTERNATIONAL INSTRUMENTS,SOFIA,BULGARIA,BG
NONE,INSTINET CBX (US),NEW YORK,UNITED STATES OF AMERICA,US
NONE,INDONESIA COMMODITY AND DERIVATIVES EXCHANGE,JAKARTA,INDONESIA,ID
NONE,"ISLAND ECN LTD, THE",NEW YORK,UNITED STATES OF AMERICA,US
NONE,ICAP ENERGY - OTF,LONDON,UNITED KINGDOM,GB
NONE,ICE SWAP TRADE LLC,NEW YORK,UNITED STATES OF AMERICA,US
NONE,ICAP EU - OTF,PARIS,FRANCE,FR
NONE,TP ICAP UK MTF,LONDON,UNITED KINGDOM,GB
NONE,INSTINET VWAP CROSS,NEW YORK,UNITED STATES OF AMERICA,US
NONE,ICAP SEF (US)  LLC.,JERSEY CITY,UNITED STATES OF AMERICA,US
NONE,CURRENEX IRELAND MTF,DUBLIN,IRELAND,IE
NONE,INDIAN COMMODITY EXCHANGE LTD.,MUMBAI,INDIA,IN
NONE,CURRENEX IRELAND MTF - RFQ,DUBLIN,IRELAND,IE
NONE,EBS MTF - RFQ - FX PRODUCTS FOR ASSET MANAGERS,AMSTERDAM,THE NETHERLANDS,NL
NONE,ICAP ENERGY LTD OTF - COMMODITIES AND ENERGY DERIVATIVES,LONDON,UNITED KINGDOM,GB
NONE,INTERCONTINENTAL EXCHANGE,ATLANTA,UNITED STATES OF AMERICA,US
NONE,INVESTORS EXCHANGE - DARK,NEW YORK,UNITED STATES OF AMERICA,US
NONE,INVESTORS EXCHANGE,NEW YORK,UNITED STATES OF AMERICA,US
NONE,IRAN FARA BOURSE,TEHRAN,IRAN,IR
NONE,ICE FUTURES CANADA,WINNIPEG,CANADA,CA
NONE,ICE FUTURES U.S. ENERGY DIVISION,NEW YORK,UNITED STATES OF AMERICA,US
NONE,ICE FUTURES EUROPE - OIL AND REFINED PRODUCTS DIVISION,LONDON,UNITED KINGDOM,GB
NONE,ICE FUTURES EUROPE,LONDON,UNITED KINGDOM,GB
NONE,ICE FUTURES EUROPE - FINANCIAL PRODUCTS DIVISION,LONDON,UNITED KINGDOM,GB
NONE,ICE FUTURES EUROPE - EQUITY PRODUCTS DIVISION,LONDON,UNITED KINGDOM,GB
NONE,SWAPXECUTE,LONDON,UNITED KINGDOM,GB
NONE,ICE FUTURES EUROPE - AGRICULTURAL PRODUCTS DIVISION,LONDON,UNITED KINGDOM,GB
NONE,ICE FUTURES SINGAPORE,SINGAPORE,SINGAPORE,SG
NONE,INSTITUTIONAL FINANCIAL SECURITIES MARKET,VALLETTA,MALTA,MT
NONE,ICE FUTURES U.S.,NEW YORK,UNITED STATES OF AMERICA,US
NONE,ICE FUTURES EUROPE - EUROPEAN UTILITIES DIVISION,LONDON,UNITED KINGDOM,GB
NONE,FX CONNECT IRELAND MTF - ALLOCATIONS,DUBLIN,IRELAND,IE
NONE,FX CONNECT IRELAND MTF,DUBLIN,IRELAND,IE
NONE,FX CONNECT IRELAND MTF - RFQ,DUBLIN,IRELAND,IE
NONE,ICAP GLOBAL DERIVATIVES LIMITED,LONDON,UNITED KINGDOM,GB
NONE,INDIA INTERNATIONAL EXCHANGE (IFSC) LIMITED,GIFT CITY GANDHINAGAR,INDIA,IN
NONE,IKB DEUTSCHE INDUSTRIEBANK AG - SYSTEMATIC INTERNALISER,DUESSELDORF,GERMANY,DE
NONE,ICE MARKETS AGRICULTURE,ATLANTA,UNITED STATES OF AMERICA,US
NONE,ICE MARKETS BONDS,ATLANTA,UNITED STATES OF AMERICA,US
NONE,ICE CREDIT TRADE,NEW YORK,UNITED STATES OF AMERICA,US
NONE,TP ICAP UK MTF - CASH EQUITY,LONDON,UNITED KINGDOM,GB
NONE,CREDITEX LLC,NEW YORK,UNITED STATES OF AMERICA,US
NONE,ICE ENDEX OTF FUTURES,AMSTERDAM,THE NETHERLANDS,NL
NONE,ICE MARKETS CREDIT,ATLANTA,UNITED STATES OF AMERICA,US
NONE,IMC FINANCIAL MARKETS,CHICAGO,UNITED STATES OF AMERICA,US
NONE,IMC - SYSTEMATIC INTERNALISER,AMSTERDAM,THE NETHERLANDS,NL
NONE,TP ICAP UK MTF - EQUITY DERIVATIVES,LONDON,UNITED KINGDOM,GB
NONE,ICE MARKETS ENERGY,ATLANTA,UNITED STATES OF AMERICA,US
NONE,ICE MARKETS EQUITY,AMSTERDAM,THE NETHERLANDS,NL
NONE,TP ICAP UK MTF - EXCHANGE TRADED PRODUCTS,LONDON,UNITED KINGDOM,GB
NONE,IRAN MERCANTILE EXCHANGE,TEHRAN,IRAN,IR
NONE,TP ICAP UK MTF - FX DERIVATIVES,LONDON,UNITED KINGDOM,GB
NONE,ICE MARKETS FOREIGN EXCHANGE,ATLANTA,UNITED STATES OF AMERICA,US
NONE,TP ICAP UK MTF - GOVERNMENT BONDS EXCLUDING GILTS,LONDON,UNITED KINGDOM,GB
NONE,TP ICAP UK MTF - GILTS,LONDON,UNITED KINGDOM,GB
NONE,ICE MARKETS RATES,ATLANTA,UNITED STATES OF AMERICA,US
NONE,IMMH – INTESA SANPAOLO - SYSTEMATIC INTERNALISER,MILAN,ITALY,IT
NONE,TP ICAP UK MTF - MONEY MARKET INSTRUMENTS,LONDON,UNITED KINGDOM,GB
NONE,TP ICAP UK MTF - INTEREST RATE DERIVATIVES,LONDON,UNITED KINGDOM,GB
NONE,TP ICAP UK MTF - CORPORATE BONDS AND SECURITIES DEBT,LONDON,UNITED KINGDOM,GB
NONE,INTEGRAL MTF,LONDON,UNITED KINGDOM,GB
NONE,INSTINET DESK CROSS,NEW YORK,UNITED STATES OF AMERICA,US
NONE,INTELLIGENTCROSS,STAMFORD,UNITED STATES OF AMERICA,US
NONE,ING BANK NV - SYSTEMATIC INTERNALISER,AMSTERDAM,THE NETHERLANDS,NL
NONE,ING BANK NV - SPRINTERS AND EQUITY - SYSTEMATIC INTERNALISER,AMSTERDAM,THE NETHERLANDS,NL
NONE,ING BANK NV - FOREIGN EXCHANGE - SYSTEMATIC INTERNALISER,AMSTERDAM,THE NETHERLANDS,NL
NONE,ING BANK SLASKI SA - SYSTEMATIC INTERNALISER,WARSAW,POLAND,PL
NONE,NSE IFSC LIMITED,GANDHINAGAR,INDIA,IN
NONE,INVESTEC BANK PLC - SYSTEMATIC INTERNALISER,LONDON,UNITED KINGDOM,GB
NONE,ICAP SECURITIES OTF - CREDIT DERIVATIVES,LONDON,UNITED KINGDOM,GB
NONE,ICAP SECURITIES OTF - EQUITY DERIVATIVES,LONDON,UNITED KINGDOM,GB
NONE,ICAP SECURITIES OTF - CORPORATE BONDS AND SECURITISED DEBT,LONDON,UNITED KINGDOM,GB
NONE,ICAP SECURITIES OTF - FX DERIVATIVES,LONDON,UNITED KINGDOM,GB
NONE,ICAP SECURITIES OTF - GOVERNMENT BONDS EXCLUDING  UK GILTS,LONDON,UNITED KINGDOM,GB
NONE,ICAP SECURITIES OTF - GOVERNMENT BONDS - UK GILTS,LONDON,UNITED KINGDOM,GB
NONE,ICAP SECURITIES OTF - INTEREST RATE DERIVATIVES,LONDON,UNITED KINGDOM,GB
NONE,ICAP SECURITIES OTF - MONEY MARKET INSTRUMENTS,LONDON,UNITED KINGDOM,GB
NONE,INSTINET EUROPE LIMITED OTC,LONDON,UNITED KINGDOM,GB
NONE,ICAP SECURITIES - OTF,LONDON,UNITED KINGDOM,GB
NONE,IPSX,GUILDFORD,UNITED KINGDOM,GB
NONE,IPSX PRIME,GUILDFORD,UNITED KINGDOM,GB
NONE,IPSX WHOLESALE,GUILDFORD,UNITED KINGDOM,GB
NONE,BANCA DI ASTI - SYSTEMATIC INTERNALISER,ASTI,ITALY,IT
NONE,BIVER BANCA - SYSTEMATIC INTERNALISER,BIELLA,ITALY,IT
NONE,ISDAFIX,NEW YORK,UNITED STATES OF AMERICA,US
NONE,INTER-CONNECTED STOCK EXCHANGE OF INDIA LTD,MUMBAI,INDIA,IN
NONE,ICBC STANDARD BANK - SYSTEMATIC INTERNALISER,LONDON,UNITED KINGDOM,GB
NONE,I-SWAP,LONDON,UNITED KINGDOM,GB
NONE,I-SWAP - TRADE REGISTRATION,LONDON,UNITED KINGDOM,GB
NONE,I-SWAP ORDER BOOK,LONDON,UNITED KINGDOM,GB
NONE,ICAP GLOBAL DERIVATIVES LIMITED - ELECTRONIC,LONDON,UNITED KINGDOM,GB
NONE,ISWAP EURO MTF - TRADE REGISTRATION,AMSTERDAM,THE NETHERLANDS,NL
NONE,ISWAP EURO MTF - ORDERBOOK,AMSTERDAM,THE NETHERLANDS,NL
NONE,ISWAP EURO MTF,AMSTERDAM,THE NETHERLANDS,NL
NONE,I-SWAP TARGETED STREAMING/RFQ,LONDON,UNITED KINGDOM,GB
NONE,ISWAP EURO MTF - TARGETED STREAMING / RFQ,AMSTERDAM,THE NETHERLANDS,NL
NONE,ICAP GLOBAL DERIVATIVES LIMITED - VOICE,LONDON,UNITED KINGDOM,GB
NONE,ITG - POSIT,NEW YORK,UNITED STATES OF AMERICA,US
NONE,POSIT MTF,DUBLIN,IRELAND,IE
NONE,INVESCO CANADA PTF TRADES,TORONTO,CANADA,CA
NONE,JOINT ASIAN DERIVATIVES EXCHANGE,SINGAPORE,SINGAPORE,SG
NONE,JYSKE BANK - SYSTEMATIC INTERNALISER,SILKEBORG,DENMARK,DK
NONE,BULGARIAN STOCK EXCHANGE - INTERNATIONAL MTF,SOFIA,BULGARIA,BG
NONE,JEFFERIES EUROPE,FRANKFURT,GERMANY,DE
NONE,JEFFERIES INTERNATIONAL - SYSTEMATIC INTERNALISER,LONDON,UNITED KINGDOM,GB
NONE,JETX,NEW YORK,UNITED STATES OF AMERICA,US
NONE,JEFFERIES EUROPE - SYSTEMATIC INTERNALISER,FRANKFURT,GERMANY,DE
NONE,JEFFERIES INTERNATIONAL,LONDON,UNITED KINGDOM,GB
NONE,JUMP TRADING EUROPE - SYSTEMATIC INTERNALISER,AMSTERDAM,THE NETHERLANDS,NL
NONE,JUMP LIQUIDITY,CHICAGO,UNITED STATES OF AMERICA,US
NONE,JPBX,NEW YORK,UNITED STATES OF AMERICA,US
NONE,JPMORGAN CHASE BANK N.A. LONDON BRANCH,LONDON,UNITED KINGDOM,GB
NONE,J.P. MORGAN AG - SYSTEMATIC INTERNALISER,FRANKFURT,GERMANY,DE
NONE,JP MORGAN - JPMI MARKET,HONG KONG,HONG KONG,HK
NONE,"JPMS, LLC",NEW YORK,UNITED STATES OF AMERICA,US
NONE,JPMX,NEW YORK,UNITED STATES OF AMERICA,US
NONE,J.P. MORGAN SECURITIES PLC,LONDON,UNITED KINGDOM,GB
NONE,JSE BOND ELECTRONIC TRADING PLATFORM,JOHANNESBURG,SOUTH AFRICA,ZA
NONE,JANE STREET EXECUTION SERVICES LLC,NEW YORK,UNITED STATES OF AMERICA,US
NONE,JANE STREET JX,NEW YORK,UNITED STATES OF AMERICA,US
NONE,JANE STREET FINANCIAL LTD - SYSTEMATIC INTERNALISER,LONDON,UNITED KINGDOM,GB
NONE,DEN JYSKE SPAREKASSE - SYSTEMATIC INTERNALISER,GRINDSTED,DENMARK,DK
NONE,KAI-X,TOKYO,JAPAN,JP
NONE,KBC BANK NV  GROUP MARKETS - SYSTEMATIC INTERNALISER,BRUSSELS,BELGIUM,BE
NONE,KBL EURO COMMERCIAL PAPERS,LUXEMBOURG,LUXEMBOURG,LU
NONE,KBL EUROPEAN PRIVATE BANKERS S.A.,LUXEMBOURG,LUXEMBOURG,LU
NONE,KYTE BROKING LIMITED,LONDON,UNITED KINGDOM,GB
NONE,KBL STRUCTURED PRODUCTS,LUXEMBOURG,LUXEMBOURG,LU
NONE,KBL FX TREASURY DERIVATIVES,LUXEMBOURG,LUXEMBOURG,LU
NONE,KELER CCP,BUDAPEST,HUNGARY,HU
NONE,KELER,BUDAPEST,HUNGARY,HU
NONE,K AND H BANK ZRT - SYSTEMATIC INTERNALISER,BUDAPEST,HUNGARY,HU
NONE,KNIGHT LINK EUROPE,LONDON,UNITED KINGDOM,GB
NONE,ZURCHER KANTONALBANK - EKMU-X,ZURICH,SWITZERLAND,CH
NONE,KNIGHT CAPITAL MARKETS LLC,JERSEY CITY,UNITED STATES OF AMERICA,US
NONE,KNIGHT EQUITY MARKETS LP,JERSEY CITY,UNITED STATES OF AMERICA,US
NONE,KNIGHT,JERSEY CITY,UNITED STATES OF AMERICA,US
NONE,KNIGHT LINK,JERSEY CITY,UNITED STATES OF AMERICA,US
NONE,"KOMERCNI BANKA, A.S.",PRAGUE,CZECH REPUBLIC,CZ
NONE,OTFLINK,PARIS,FRANCE,FR
NONE,LATAM SEF,NEW YORK,UNITED STATES OF AMERICA,US
NONE,LAN AND SPAR BANK A/S,COPENHAGEN,DENMARK,DK
NONE,LBBW - LANDESBANK BADEN-WUERTTEMBERG,STUTTGART,GERMANY,DE
NONE,LLOYDS BANK CORPORATE MARKETS – SYSTEMATIC INTERNALISER,LONDON,UNITED KINGDOM,GB
NONE,LLOYDS BANK CORPORATE MARKETS WERTPAPIERHANDELSBANK GMBH - SYSTEMATIC INTERNALISER,FRANKFURT,GERMANY,DE
NONE,LBBW - LANDESBANK BADEN-WUERTTEMBERG - LIQUIDITY PROVIDER,STUTTGART,GERMANY,DE
NONE,LBBW - LANDESBANK BADEN-WUERTTEMBERG - SYSTEMATIC INTERNALISER,STUTTGART,GERMANY,DE
NONE,LCH.CLEARNET,PARIS,FRANCE,FR
NONE,CURRENEX LDFX,LONDON,UNITED KINGDOM,GB
NONE,LEDGERX,NEW YORK,UNITED STATES OF AMERICA,US
NONE,LIQUIDNET EU LIMITED EQUITY MTF,DUBLIN,IRELAND,IE
NONE,LIQUIDNET EU LIMITED FIXED INCOME MTF,DUBLIN,IRELAND,IE
NONE,LEVEL ATS,BOSTON,UNITED STATES OF AMERICA,US
NONE,LIQUIDNET CANADA ATS,TORONTO,CANADA,CA
NONE,"LIQUIDNET, INC. FIXED INCOME ATS",NEW YORK,UNITED STATES OF AMERICA,US
NONE,LIGA BANK EG - SYSTEMATIC INTERNALISER,REGENSBURG,GERMANY,DE
NONE,LIQUIDNET EUROPE LIMITED,LONDON,UNITED KINGDOM,GB
NONE,LIQUIDNET H20,LONDON,UNITED KINGDOM,GB
NONE,LIQUIDNET SYSTEMS,LONDON,UNITED KINGDOM,GB
CBOE,CBOE  EUROPE - LIS SERVICE,LONDON,UNITED KINGDOM,GB
CBOE,CBOE EUROPE - LIS SERVICE (NL),AMSTERDAM,THE NETHERLANDS,NL
NONE,"LIQUIDNET, INC. H2O ATS",NEW YORK,UNITED STATES OF AMERICA,US
NONE,"LIQUIDNET, INC.",NEW YORK,UNITED STATES OF AMERICA,US
NONE,LMAX - DERIVATIVES,LONDON,UNITED KINGDOM,GB
NONE,LMAX - EQUITIES,LONDON,UNITED KINGDOM,GB
NONE,LMAX - FX,LONDON,UNITED KINGDOM,GB
NONE,LMAX - INDICES/RATES/COMMODITIES,LONDON,UNITED KINGDOM,GB
NONE,LMAX,LONDON,UNITED KINGDOM,GB
NONE,LME CLEAR,LONDON,UNITED KINGDOM,GB
NONE,LUMINOR BANK AS,TALLINN,ESTONIA,EE
NONE,LUMINEX TRADING & ANALYTICS LLC - ATS,BOSTON,UNITED STATES OF AMERICA,US
NONE,OTC MARKET,LONDON,UNITED KINGDOM,GB
NONE,LOUIS CAPITAL MARKETS UK LLP,LONDON,UNITED KINGDOM,GB
NONE,LLOYDS BANK - SYSTEMATIC INTERNALISER,LONDON,UNITED KINGDOM,GB
NONE,LONDON PLATINUM AND PALLADIUM MARKET,LONDON,UNITED KINGDOM,GB
NONE,LIQUIDITYEDGE,NEW YORK,UNITED STATES OF AMERICA,US
NONE,CITI LIQUIFI,NEW YORK,UNITED STATES OF AMERICA,US
NONE,LANG AND SCHWARZ TRADE CENTER - SYSTEMATIC INTERNALISER,DUESSELDORF,GERMANY,DE
NONE,LUMINEX TRADING & ANALYTICS LLC,BOSTON,UNITED STATES OF AMERICA,US
NONE,BARCLAYS LX JAPAN,TOKYO,JAPAN,JP
NONE,LYNX ATS,TORONTO,CANADA,CA
NONE,BME MTF EQUITY (IIC AND ECR SEGMENTS),MADRID,SPAIN,ES
NONE,MACQUARIE AUSTRALIA BLOCK CROSSING,SYDNEY,AUSTRALIA,AU
NONE,MARKETAXESS EUROPE LIMITED,LONDON,UNITED KINGDOM,GB
NONE,MAGMA ATS,NORTH BERGEN,UNITED STATES OF AMERICA,US
NONE,MAKOR SECURITIES LONDON LTD,LONDON,UNITED KINGDOM,GB
NONE,MALDIVES STOCK EXCHANGE,MALE,MALDIVES,MV
NONE,MARKETAXESS NL B.V.,AMSTERDAM,THE NETHERLANDS,NL
NONE,MACQUARIE BANK EUROPE DESIGNATED ACTIVITY COMPANY – SYSTEMATIC INTERNALISER,PARIS,FRANCE,FR
NONE,MACQUARIE INTERNAL MARKETS (HONG KONG),HONG KONG,HONG KONG,HK
NONE,MACQUARIE BANK INTERNATIONAL LIMITED - SYSTEMATIC INTERNALISER,LONDON,UNITED KINGDOM,GB
NONE,MACQUARIE INTERNAL MARKETS (JAPAN),TOKYO,JAPAN,JP
NONE,MACQUARIE CAPITAL EUROPE LIMITED,LONDON,UNITED KINGDOM,GB
NONE,"MACQUARIE BANK LIMITED, LONDON BRANCH - SYSTEMATIC INTERNALISER",LONDON,UNITED KINGDOM,GB
NONE,MACQUARIE INTERNAL MARKETS (AUSTRALIA),SYDNEY,AUSTRALIA,AU
NONE,MERCADO ALTERNATIVO DE RENTA FIJA,MADRID,SPAIN,ES
NONE,MARKETAXESS SINGAPORE PTE LIMITED,SINGAPORE,SINGAPORE,SG
NONE,MATCH NOW,TORONTO,CANADA,CA
NONE,MBANK S.A. - SYSTEMATIC INTERNALISER,WARSZAWA,POLAND,PL
NONE,MTF SOFIA,SOFIA,BULGARIA,BG
NONE,MTS CASH DOMESTIC - MTF,ROMA,ITALY,IT
NONE,MACQUARIE CAPITAL (IRELAND),DUBLIN,IRELAND,IE
ISE,"ISE MERCURY, LLC",NEW YORK,UNITED STATES OF AMERICA,US
NONE,NASDAQ COPENHAGEN A/S – AUCTION ON DEMAND,COPENHAGEN,DENMARK,DK
NONE,CURRENEX MTF,LONDON,UNITED KINGDOM,GB
NONE,CURRENEX MTF - RFQ,LONDON,UNITED KINGDOM,GB
NONE,CURRENEX MTF - STREAMING,LONDON,UNITED KINGDOM,GB
NONE,METROPOLITAN STOCK EXCHANGE OF INDIA LIMITED,MUMBAI,INDIA,IN
NONE,MIBGAS - DERIVATIVES,MADRID,SPAIN,ES
NONE,NASDAQ MIDPOINT-ELO (M-ELO),NEW YORK,UNITED STATES OF AMERICA,US
NONE,MERKUR MARKET - DARK POOL,OSLO,NORWAY,NO
NONE,MERCADO ELECTRONICO DE RENTA FIJA,MADRID,SPAIN,ES
NONE,EURONEXT GROWTH - OSLO,OSLO,NORWAY,NO
NONE,MORGAN STANLEY EUROPE S.E. - SYSTEMATIC INTERNALISER,FRANKFURT,GERMANY,DE
NONE,ACE MARKET,KUALA LUMPUR,MALAYSIA,MY
NONE,MET ZURICH,LONDON,UNITED KINGDOM,GB
NONE,MF GLOBAL ENERGY MTF,LONDON,UNITED KINGDOM,GB
NONE,EURONEXT - MERCADO DE FUTUROS E OPÇÕES,LISBOA,PORTUGAL,PT
NONE,FX CONNECT - MTF - ALLOCATIONS,LONDON,UNITED KINGDOM,GB
NONE,FX CONNECT - MTF,LONDON,UNITED KINGDOM,GB
NONE,FX CONNECT - MTF - RFQ,LONDON,UNITED KINGDOM,GB
NONE,"MIZUHO BANK, LTD. DUESSELDORF BRANCH - SYSTEMATIC INTERNALISER",DUESSELDORF,GERMANY,DE
NONE,MIZUHO BANK EUROPE N.V. - SYSTEMATIC INTERNALISER,AMSTERDAM,THE NETHERLANDS,NL
NONE,"MIZUHO BANK, LTD. LONDON BRANCH - SYSTEMATIC INTERNALISER",LONDON,UNITED KINGDOM,GB
NONE,MIZUHO BANK LTD. - PARIS BRANCH - SYSTEMATIC INTERNALISER,PARIS,FRANCE,FR
NONE,NASDAQ HELSINKI LTD –  AUCTION ON DEMAND,HELSINKI,FINLAND,FI
NONE,MIZUHO SECURITIES EUROPE - SYSTEMATIC INTERNALISER,FRANKFURT,GERMANY,DE
NONE,MIZUHO INTERNATIONAL - SYSTEMATIC INTERNALISER,LONDON,UNITED KINGDOM,GB
NONE,MERCADO ORGANIZADO DEL GAS,MADRID,SPAIN,ES
NONE,NASDAQ ICELAND HF. – AUCTION ON DEMAND,REYKJAVIK,ICELAND,IS
NONE,"MIAMI INTERNATIONAL HOLDINGS, INC.",PRINCETON,UNITED STATES OF AMERICA,US
NONE,MOSCOW EXCHANGE - ALL MARKETS,MOSCOW,RUSSIA,RU
NONE,MARKET FOR INVESTMENT VEHICLES,MILAN,ITALY,IT
NONE,MIZUHO INTERNAL CROSSING,TOKYO,JAPAN,JP
NONE,MARKETAXESS ATS,NEW YORK,UNITED STATES OF AMERICA,US
NONE,MERITKAPITAL - SYSTEMATIC INTERNALISER,LIMASSOL,CYPRUS,CY
NONE,MARKET SECURITIES (FRANCE) SA,PARIS,FRANCE,FR
NONE,BANK OF AMERICA - MERRILL LYNCH OTC,NEW YORK,UNITED STATES OF AMERICA,US
NONE,BOFA SECURITIES EUROPE - RFQ - SYSTEMATIC INTERNALISER,PARIS,FRANCE,FR
NONE,BOFA SECURITIES EUROPE - SYSTEMATIC INTERNALISER,PARIS,FRANCE,FR
NONE,BOFA SECURITIES EUROPE,PARIS,FRANCE,FR
NONE,MERRILL LYNCH INTERNATIONAL,LONDON,UNITED KINGDOM,GB
NONE,MERRILL LYNCH INTERNATIONAL - RFQ - SYSTEMATIC INTERNALISER,LONDON,UNITED KINGDOM,GB
NONE,MERRILL LYNCH INTERNATIONAL - SYSTEMATIC INTERNALISER,LONDON,UNITED KINGDOM,GB
NONE,BANK OF AMERICA - MERRILL LYNCH VWAP CROSS,NEW YORK,UNITED STATES OF AMERICA,US
NONE,EURONEXT ACCESS BRUSSELS,BRUSSELS,BELGIUM,BE
NONE,FIRST NORTH DENMARK – AUCTION ON DEMAND,COPENHAGEN,DENMARK,DK
NONE,FIRST NORTH FINLAND – AUCTION ON DEMAND,HELSINKI,FINLAND,FI
NONE,FIRST NORTH ICELAND – AUCTION ON DEMAND,REYKJAVIK,ICELAND,IS
NONE,FIRST NORTH SWEDEN – AUCTION ON DEMAND,STOCKHOLM,SWEDEN,SE
NONE,MOC CROSS,NEW YORK,UNITED STATES OF AMERICA,US
NONE,FIRST NORTH SWEDEN - NORWAY AUCTION ON DEMAND,STOCKHOLM,SWEDEN,SE
NONE,ELECTRONIC BOND MARKET,MILANO,ITALY,IT
MIAX,"MIAX PEARL, LLC",PRINCETON,UNITED STATES OF AMERICA,US
NONE,MORGAN STANLEY AUSTRALIA SECURITIES LIMITED,SYDNEY,AUSTRALIA,AU
NONE,MORGAN STANLEY MTF - PERIODIC AUCTION,PARIS,FRANCE,FR
NONE,MORGAN STANLEY AND CO. LLC,NEW YORK,UNITED STATES OF AMERICA,US
NONE,MORGAN STANLEY MTF - CONTINUOUS CROSS DARK,PARIS,FRANCE,FR
NONE,MAREX SPECTRON EUROPE LIMITED - OTF,DUBLIN,IRELAND,IE
NONE,MORGAN STANLEY EUROPE S.E.,FRANKFURT,GERMANY,DE
NONE,MORGAN STANLEY AND CO. INTERNATIONAL PLC,LONDON,UNITED KINGDOM,GB
NONE,"MORGAN STANLEY MUFG SECURITIES CO., LTD",TOKYO,JAPAN,JP
NONE,MORGAN STANLEY MTF - NEGOTIATED TRADE,PARIS,FRANCE,FR
NONE,MS POOL,NEW YORK,UNITED STATES OF AMERICA,US
NONE,MS RPOOL,NEW YORK,UNITED STATES OF AMERICA,US
NONE,MORGAN STANLEY AND CO. INTERNATIONAL PLC - SYSTEMATIC INTERNALISER,LONDON,UNITED KINGDOM,GB
NONE,NASDAQ STOCKHOLM AB – AUCTION ON DEMAND,STOCKHOLM,SWEDEN,SE
NONE,MS TRAJECTORY CROSS,NEW YORK,UNITED STATES OF AMERICA,US
NONE,ELECTRONIC SHARE MARKET,MILAN,ITALY,IT
NONE,BORSA ITALIANA EQUITY MTF,MILAN,ITALY,IT
NONE,BONDMATCH,PARIS,FRANCE,FR
NONE,MTS BONDS.COM,NEW YORK,UNITED STATES OF AMERICA,US
NONE,MTS ITALIA,ROMA,ITALY,IT
NONE,MTS DENMARK,BRUSSELS,BELGIUM,BE
NONE,MTS FINLAND,BRUSSELS,BELGIUM,BE
NONE,MTS S.P.A.,ROMA,ITALY,IT
NONE,MTS MARKETS INTERNATIONAL INC.,NEW YORK,UNITED STATES OF AMERICA,US
NONE,MARKETAXESS CANADA COMPANY,NEW YORK,UNITED STATES OF AMERICA,US
NONE,MARKETAXESS CORPORATION SINGLE-NAME CDS CENTRAL LIMIT ORDER,NEW YORK,UNITED STATES OF AMERICA,US
NONE,MARKETAXESS CORPORATION MID-X TRADING SYSTEM,NEW YORK,UNITED STATES OF AMERICA,US
NONE,MARKETAXESS SEF CORPORATION,NEW YORK,UNITED STATES OF AMERICA,US
NONE,MARKETAXESS CORPORATION,NEW YORK,UNITED STATES OF AMERICA,US
NONE,MUFG BANK (EUROPE) N.V. - SYSTEMATIC INTERNALISER,AMSTERDAM,THE NETHERLANDS,NL
NONE,"MUFG BANK, LTD. - LONDON BRANCH -SYSTEMATIC INTERNALISER",LONDON,UNITED KINGDOM,GB
NONE,"MUFG BANK, LTD. - MILANO BRANCH - SYSTEMATIC INTERNALISER",MILAN,ITALY,IT
NONE,"MUFG BANK, LTD. - PARIS BRANCH - SYSTEMATIC INTERNALISER",PARIS,FRANCE,FR
NONE,MARIANA UFP LLP,LONDON,UNITED KINGDOM,GB
NONE,BOERSE MUENCHEN - REGULIERTER MARKT,MUENCHEN,GERMANY,DE
NONE,BOERSE MUENCHEN - FREIVERKEHR,MUENCHEN,GERMANY,DE
NONE,BOERSE MUENCHEN - GETTEX - REGULIERTER MARKT,MUENCHEN,GERMANY,DE
NONE,BOERSE MUENCHEN – GETTEX – FREIVERKEHR,MUENCHEN,GERMANY,DE
NONE,MUFG SECURITIES EMEA PLC - SYSTEMATIC INTERNALISER,LONDON,UNITED KINGDOM,GB
NONE,MUFG SECURITIES (EUROPE) N.V -,AMSTERDAM,THE NETHERLANDS,NL
NONE,MITSUBISHI UFJ TRUST INTERNATIONAL LIMITED,LONDON,UNITED KINGDOM,GB
NONE,MERCADO DE VALORES DE CORDOBA S.A.,CORDOBA,ARGENTINA,AR
NONE,MYTREASURY,LONDON,UNITED KINGDOM,GB
NONE,N2EX,LONDON,UNITED KINGDOM,GB
NONE,NATIONAL AUSTRALIA BANK - FX DERIVATIVES AND FIXED INCOME SECURITIES - SYSTEMATIC INTERNALISER,LONDON,UNITED KINGDOM,GB
NONE,NAB EUROPE LIMITED - SYSTEMATIC INTERNALISER,LONDON,UNITED KINGDOM,GB
NONE,NATIONAL AUSTRALIA BANK - SYSTEMATIC INTERNALISER,LONDON,UNITED KINGDOM,GB
NONE,NAB EUROPE LIMITED - SYSTEMATIC INTERNALISER - FIXED INCOME SECURITIES,LONDON,UNITED KINGDOM,GB
NONE,NATIONAL MERCANTILE EXCHANGE,MOSCOW,RUSSIA,RU
NONE,NASDAQ STOCKHOLM AB - APA SERVICE,STOCKHOLM,SWEDEN,SE
NONE,NSDQ DARK,NEW YORK,UNITED STATES OF AMERICA,US
NONE,NASD OTC MARKET,LAGOS,NIGERIA,NG
NONE,NATIXIS - SYSTEMATIC INTERNALISER,PARIS,FRANCE,FR
NONE,NOBLE EXCHANGE,NEW YORK,UNITED STATES OF AMERICA,US
NONE,NATIONAL BOARD OF TRADE LIMITED,INDORE MADHYA PRADESH,INDIA,IN
NONE,PAKISTAN MERCANTILE EXCHANGE,KARACHI,PAKISTAN,PK
NONE,SMBC NIKKO CAPITAL MARKETS EUROPE GMBH,FRANKFURT,GERMANY,DE
NONE,SMBC NIKKO CAPITAL MARKETS LIMITED - SYSTEMATIC INTERNALISER,LONDON,UNITED KINGDOM,GB
NONE,ICE ENDEX UK OCM GAS SPOT,LONDON,UNITED KINGDOM,GB
NONE,ICE ENDEX FUTURES,AMSTERDAM,THE NETHERLANDS,NL
NONE,ICE ENDEX EUROPEAN GAS SPOT,AMSTERDAM,THE NETHERLANDS,NL
NONE,NEO CONNECT,TORONTO,CANADA,CA
NONE,NEO EXCHANGE - NEO-D (DARK),TORONTO,CANADA,CA
NONE,NEO EXCHANGE - NEO-L (MARKET BY ORDER),TORONTO,CANADA,CA
NONE,NEO EXCHANGE - NEO-N (MARKET BY PRICE),TORONTO,CANADA,CA
NONE,NOMURA EUROPE - SYSTEMATIC INTERNALISER,FRANKFURT,GERMANY,DE
NONE,AQSE MAIN MARKET (NON-EQUITY),LONDON,UNITED KINGDOM,GB
NONE,AQSE GROWTH MARKET (NON-EQUITY),LONDON,UNITED KINGDOM,GB
NONE,AQSE GROWTH MARKET (EQUITY),LONDON,UNITED KINGDOM,GB
NONE,AQSE MAIN MARKET (EQUITY),LONDON,UNITED KINGDOM,GB
NONE,AQSE TRADING (NON-EQUITY),LONDON,UNITED KINGDOM,GB
NONE,NOREXECO ASA,KONGSVINGER,NORWAY,NO
NONE,NEX SEF,LONDON,UNITED KINGDOM,GB
NONE,AQSE TRADING (EQUITY),LONDON,UNITED KINGDOM,GB
NONE,AQUIS STOCK EXCHANGE,LONDON,UNITED KINGDOM,GB
NONE,FIDELITY CROSSSTREAM,BOSTON,UNITED STATES OF AMERICA,US
NONE,"NATIONAL FINANCIAL SERVICES, LLC",BOSTON,UNITED STATES OF AMERICA,US
NONE,FIDELITY DARK,BOSTON,UNITED STATES OF AMERICA,US
NONE,NATURAL GAS EXCHANGE,CALGARY,CANADA,CA
NONE,NIBC - SYSTEMIC INTERNALISER,THE HAGUE,THE NETHERLANDS,NL
NONE,NORWEGIAN INTER BANK OFFERED RATE,OSLO,NORWAY,NO
NONE,NILE STOCK EXCHANGE,CAIRO,EGYPT,EG
NONE,"CLEARPOOL EXECUTION SERVICES, LLC - NATURAL LIQUIDITY ALLIANCE",NEW YORK,UNITED STATES OF AMERICA,US
NONE,NORDDEUTSCHE LANDESBANK - GIROZENTRALE - SYSTEMATIC INTERNALISER,HANNOVER,GERMANY,DE
NONE,APX POWER NL,AMSTERDAM,THE NETHERLANDS,NL
NONE,NATIONAL MULTI-COMMODITY EXCHANGE OF INDIA,AHMEDABAD,INDIA,IN
NONE,NOMURA SECURITIES INTERNATIONAL,NEW YORK,UNITED STATES OF AMERICA,US
NONE,NOMURA SECURITIES CO LTD,TOKYO,JAPAN,JP
NONE,NOMURA - EXTERNAL CROSSING PLATFORM,TOKYO,JAPAN,JP
NONE,NORDIC MTF,STOCKHOLM,SWEDEN,SE
NONE,NASDAQ STOCKHOLM AB - COMMODITIES,STOCKHOLM,SWEDEN,SE
NONE,NODAL EXCHANGE,VIENNA,UNITED STATES OF AMERICA,US
NONE,NASDAQ STOCKHOLM AB - NORWEGIAN EQ DERIVATIVES,STOCKHOLM,SWEDEN,SE
NONE,NOMURA OTC TRADES,LONDON,UNITED KINGDOM,GB
NONE,NASDAQ STOCKHOLM AB - NORWEGIAN FI DERIVATIVES,STOCKHOLM,SWEDEN,SE
NONE,NORD POOL SPOT AS,TRONDHEIM,NORWAY,NO
NONE,HSH NORDBANK - SYSTEMATIC INTERNALISER,KIEL,GERMANY,DE
NONE,NASDAQ OMX COMMODITIES,OSLO,NORWAY,NO
NONE,NOS CLEARING ASA,OSLO,NORWAY,NO
NONE,NOMURA - SYSTEMATIC INTERNALISER,LONDON,UNITED KINGDOM,GB
NONE,NORWEGIAN OVER THE COUNTER MARKET,OSLO,NORWAY,NO
NONE,NOW CP - NEU CP,PARIS,FRANCE,FR
NONE,NPEX,THE HAGUE,THE NETHERLANDS,NL
NONE,GASPOINT NORDIC A/S,COPENHAGEN,DENMARK,DK
NONE,NORDIC SME,STOCKHOLM,SWEDEN,SE
NONE,BENDIGO STOCK EXCHANGE LIMITED,MELBOURNE,AUSTRALIA,AU
NONE,ROYAL BANK OF SCOTLAND - SYSTEMATIC INTERNALISER,EDINBURGH,UNITED KINGDOM,GB
NONE,NATWEST MARKETS NV,AMSTERDAM,THE NETHERLANDS,NL
NONE,NX,LONDON,UNITED KINGDOM,GB
NONE,NX JAPAN,TOKYO,JAPAN,JP
NONE,NX SELECT JAPAN,TOKYO,JAPAN,JP
NONE,NX ATS - CROSSING PLATFORM,NEW YORK,UNITED STATES OF AMERICA,US
NONE,NX VWAP,TOKYO,JAPAN,JP
NONE,MILLENNIUM,NEW YORK,UNITED STATES OF AMERICA,US
NONE,CME SWAPS MARKETS (NYMEX),NEW YORK,UNITED STATES OF AMERICA,US
NONE,NEW YORK PORTFOLIO CLEARING,NEW YORK,UNITED STATES OF AMERICA,US
NONE,NYSE DARK,NEW YORK,UNITED STATES OF AMERICA,US
NONE,NYKREDIT BANK - SYSTEMATIC INTERNALISER,COPENHAGEN,DENMARK,DK
NONE,NEW ZEALAND FUTURES & OPTIONS,AUCKLAND,NEW ZEALAND,NZ
NONE,OSLO BORS - APA,OSLO,NORWAY,NO
NONE,OBERBANK AG - SYSTEMATIC INTERNALISER,LINZ,AUSTRIA,AT
NONE,SOVA CAPITAL - SYSTEMATIC INTERNALISER,LONDON,UNITED KINGDOM,GB
NONE,ODDO BHF,PARIS,FRANCE,FR
NONE,ODDO CONTREPARTIE,PARIS,FRANCE,FR
NONE,OHV OTF,AMSTERDAM,THE NETHERLANDS,NL
NONE,OTCEX LLC,NEW YORK,UNITED STATES OF AMERICA,US
NONE,OMI POLO ESPANOL S.A. (OMIE),MADRID,SPAIN,ES
NONE,OMEGA ATS,TORONTO,CANADA,CA
NONE,THE IBERIAN ENERGY CLEARING HOUSE,LISBOA,PORTUGAL,PT
NONE,"OMIP - POLO PORTUGUES, S.G.M.R., S.A. / OMIP DERIVATIVES MARKET",LISBOA,PORTUGAL,PT
NONE,FIRST NORTH SWEDEN - NORWAY,STOCKHOLM,SWEDEN,SE
NONE,OTHER OTC,WASHINGTON,UNITED STATES OF AMERICA,US
NONE,OP CORPORATE BANK PLC - SYSTEMATIC INTERNALISER,HELSINKI,FINLAND,FI
NONE,PEX-PRIVATE EXCHANGE,LISBOA,PORTUGAL,PT
NONE,OPTIONS PRICE REPORTING AUTHORITY,CHICAGO,UNITED STATES OF AMERICA,US
NONE,SIX X-CLEAR AG,OSLO,NORWAY,NO
NONE,OTCQB MARKETPLACE,NEW YORK,UNITED STATES OF AMERICA,US
NONE,OTCEX,LONDON,UNITED KINGDOM,GB
NONE,OTC LINK ATS - OTC MARKETS,NEW YORK,UNITED STATES OF AMERICA,US
NONE,OTC LINK ECN,NEW YORK,UNITED STATES OF AMERICA,US
NONE,OTCQX MARKETPLACE,NEW YORK,UNITED STATES OF AMERICA,US
NONE,OTC EXCHANGE OF INDIA,MUMBAI,INDIA,IN
NONE,OTP BANK NYRT - SYSTEMATIC INTERNALISER,BUDAPEST,HUNGARY,HU
NONE,BERNER KANTONALBANK OTC-X,BERNE,SWITZERLAND,CH
NONE,PARFX,LONDON,UNITED KINGDOM,GB
NONE,ALTERNATIVE PLATFORM FOR SPANISH SECURITIES,BARCELONA,SPAIN,ES
NONE,PIRAEUS BANK - SYSTEMATIC INTERNALISER,ATHENS,GREECE,GR
NONE,BULGARIAN STOCK EXCHANGE - APA,SOFIA,BULGARIA,BG
NONE,PHILIPPINE DEALING AND EXCHANGE CORP,MAKATI CITY,PHILIPPINES,PH
NONE,PEEL HUNT LLP UK,LONDON,UNITED KINGDOM,GB
NONE,PFTS QUOTE DRIVEN,KIEV,UKRAINE,UA
NONE,PFTS STOCK EXCHANGE,KIEV,UKRAINE,UA
NONE,PARNDF,LONDON,UNITED KINGDOM,GB
NONE,ARITAS FINANCIAL LTD,LONDON,UNITED KINGDOM,GB
NONE,OTC PINK CURRENT,NEW YORK,UNITED STATES OF AMERICA,US
NONE,OTC PINK NO INFORMATION,NEW YORK,UNITED STATES OF AMERICA,US
NONE,OTC PINK LIMITED,NEW YORK,UNITED STATES OF AMERICA,US
NONE,OTC PINK MARKETPLACE,NEW YORK,UNITED STATES OF AMERICA,US
NONE,ARITAS SECURITIES LLC,NEW YORK,UNITED STATES OF AMERICA,US
NONE,PIRUM,LONDON,UNITED KINGDOM,GB
NONE,BANK POLSKA KASA OPIEKI S.A. - SYSTEMATIC INTERNALISER,WARSAW,POLAND,PL
NONE,PLUS DERIVATIVES EXCHANGE,LONDON,UNITED KINGDOM,GB
NONE,WARSAW STOCK EXCHANGE/POLISH POWER EXCHANGE/REGULATED MARKET,WARSAW,POLAND,PL
NONE,NASDAQ STOCKHOLM AB - PAN-NORDIC EQ DERIVATIVES,STOCKHOLM,SWEDEN,SE
NONE,PACIFIC OTC,PORT VILA,VANUATU,VU
NONE,PROPERTY PARTNER EXCHANGE,LONDON,UNITED KINGDOM,GB
NONE,PROSPECTS,VALLETTA,MALTA,MT
NONE,PRAGMA ATS,NEW YORK,UNITED STATES OF AMERICA,US
NONE,OTC GREY MARKET,NEW YORK,UNITED STATES OF AMERICA,US
NONE,POLISH TRADING POINT,WARSAW,POLAND,PL
NONE,"PUMA CAPITAL, LLC",PURCHASE,UNITED STATES OF AMERICA,US
NONE,"PUMA CAPITAL, LLC - OPTIONS",PURCHASE,UNITED STATES OF AMERICA,US
NONE,PURE TRADING,TORONTO,CANADA,CA
NONE,PVM OTF,LONDON,UNITED KINGDOM,GB
NONE,POWER EXCHANGE INDIA LTD.,MUMBAI,INDIA,IN
NONE,Q-WIXX PLATFORM,LONDON,UNITED KINGDOM,GB
NONE,R5FX LIMITED,LONDON,UNITED KINGDOM,GB
NONE,RABOBANK - SYSTEMATIC INTERNALISER,UTRECHT,THE NETHERLANDS,NL
NONE,RBC INVESTOR SERVICES BANK S.A.,ESCH-SUR-ALZETTE,LUXEMBOURG,LU
NONE,RBC - PARIS BRANCH - SYSTEMATIC INTERNALISER,PARIS,FRANCE,FR
NONE,RBC EUROPE LIMITED,LONDON,UNITED KINGDOM,GB
NONE,RBC CAPITAL MARKETS (EUROPE) GMBH,FRANKFURT,GERMANY,DE
NONE,RBC - ROYAL BANK OF CANADA,LONDON,UNITED KINGDOM,GB
NONE,RBC INVESTOR SERVICES TRUST,LONDON,UNITED KINGDOM,GB
NONE,RAIFFEISEN BANK (HUNGARY) - SYSTEMATIC INTERNALISER,BUDAPEST,HUNGARY,HU
NONE,RAIFFEISEN BANK INTERNATIONAL AG - SYSTEMATIC INTERNALISER,VIENNA,AUSTRIA,AT
NONE,RBC INVESTOR SERVICES BANK S.A. - SYSTEMATIC INTERNALISER,ESCH-SUR-ALZETTE,LUXEMBOURG,LU
NONE,RBS CROSS,LONDON,UNITED KINGDOM,GB
NONE,RENAISSANCE SECURITIES (CYPRUS) LIMITED,NICOSIA,CYPRUS,CY
NONE,NEX SEF MTF - RESET - RISK MITIGATION SERVICES,LONDON,UNITED KINGDOM,GB
NONE,"RAIFFEISENBANK, AS.  - SYSTEMATIC INTERNALISER",PRAGUE,CZECH REPUBLIC,CZ
NONE,RIVERCROSS DARK,NARBERTH,UNITED STATES OF AMERICA,US
NONE,RIVERCROSS,NARBERTH,UNITED STATES OF AMERICA,US
NONE,RAIFFEISENLANDESBANK OBERÖSTERREICH - SYSTEMATIC INTERNALISER,LINZ,AUSTRIA,AT
NONE,REFINITIV MTF,DUBLIN,IRELAND,IE
NONE,TAIPEI EXCHANGE,TAIPEI,TAIWAN,TW
NONE,ROSARIO FUTURE EXCHANGE,ROSARIO,ARGENTINA,AR
NONE,SIX REPO AG,ZURICH,SWITZERLAND,CH
NONE,RWANDA OTC MARKET,KIGALI,RWANDA,RW
NONE,MOSCOW ENERGY EXCHANGE,MOSCOW,RUSSIA,RU
NONE,WARSAW STOCK EXCHANGE/BONDS/CATALYST/BONDSPOT/REGULATED MARKET,WARSAW,POLAND,PL
NONE,RWANDA STOCK EXCHANGE,KIGALI,RWANDA,RW
NONE,RBC INVESTOR SERVICES TRUST - SYSTEMATIC INTERNALISER,LONDON,UNITED KINGDOM,GB
NONE,REFINITIV TRANSACTIONS SERVICES LIMITED,LONDON,UNITED KINGDOM,GB
NONE,MOSCOW EXCHANGE - DERIVATIVES MARKET,MOSCOW,RUSSIA,RU
NONE,NON-PROFIT PARTNERSHIP FOR THE DEVELOPMENT OF FINANCIAL MARKET RTS,MOSCOW,RUSSIA,RU
NONE,SOCIETY3 FUNDERSMART,LUZERN,SWITZERLAND,CH
NONE,SAGETRADER,SAN FRANCISCO,UNITED STATES OF AMERICA,US
NONE,BANCO SANTANDER S.A. - SYSTEMATIC INTERNALISER,SANTANDER,SPAIN,ES
NONE,SPAREBANK 1 MARKETS - SYSTEMATIC INTERNALISER,OSLO,NORWAY,NO
NONE,BOLSA DE BARCELONA RENTA FIJA,BARCELONA,SPAIN,ES
NONE,SCOTIABANK - SYSTEMATIC INTERNALISER,LONDON,UNITED KINGDOM,GB
NONE,JAPANNEXT - J - MARKET,TOKYO,JAPAN,JP
NONE,BOLSA DE BILBAO RENTA FIJA,BILBAO,SPAIN,ES
NONE,JAPANNEXT - U - MARKET,TOKYO,JAPAN,JP
NONE,JAPANNEXT - VWAP CROSSING,TOKYO,JAPAN,JP
NONE,SYDBANK A/S,AABENRAA,DENMARK,DK
NONE,STANDARD CHARTERED BANK AG - SYSTEMATIC INTERNALISER,FRANKFURT,GERMANY,DE
NONE,SEED DIGITAL SECURITIES MARKET,CHICAGO,UNITED STATES OF AMERICA,US
NONE,SEED FUTURES,CHICAGO,UNITED STATES OF AMERICA,US
NONE,SEED DIGITAL COMMODITIES MARKET,CHICAGO,UNITED STATES OF AMERICA,US
NONE,SEED CX,CHICAGO,UNITED STATES OF AMERICA,US
NONE,SEED SEF,CHICAGO,UNITED STATES OF AMERICA,US
NONE,SEB - SYSTEMATIC INTERNALISER,STOCKHOLM,SWEDEN,SE
NONE,SECFINEX,LONDON,UNITED KINGDOM,GB
NONE,SECURITISED DERIVATIVES MARKET,MILANO,ITALY,IT
NONE,NASDAQ STOCKHOLM AB - SWEDISH EQ DERIVATIVES,STOCKHOLM,SWEDEN,SE
NONE,SISTEMA ESPECIAL DE LIQUIDACAO E CUSTODIA DE TITULOS PUBLICOS,RIO DE JANEIRO,BRAZIL,BR
NONE,SEMOPX,DUBLIN,IRELAND,IE
NONE,SEND - SISTEMA ELECTRONICO DE NEGOCIACION DE DEUDA,MADRID,SPAIN,ES
NONE,STOCK EXCHANGE PERSPECTIVA,DNIPROPETROVSK,UKRAINE,UA
NONE,SWISSCANTO FUNDS CENTRE LIMITED,LONDON,UNITED KINGDOM,GB
NONE,"SG AMERICAS SECURITIES, LLC",NEW YORK,UNITED STATES OF AMERICA,US
NONE,SHANGHAI GOLD EXCHANGE,SHANGHAI,CHINA,CN
NONE,GOLDMAN SACH MTF,NEW YORK,UNITED STATES OF AMERICA,US
NONE,SIGMA X2,NEW YORK,UNITED STATES OF AMERICA,US
NONE,SIGMA X MTF,LONDON,UNITED KINGDOM,GB
NONE,SIGMA X MTF - AUCTION BOOK,LONDON,UNITED KINGDOM,GB
NONE,SG OPTION EUROPE - SYSTEMATIC INTERNALISER,PARIS,FRANCE,FR
NONE,D.E. SHAW DARK,NEW YORK,UNITED STATES OF AMERICA,US
NONE,ASSET MATCH,AYLESBURY,UNITED KINGDOM,GB
NONE,D.E. SHAW,NEW YORK,UNITED STATES OF AMERICA,US
NONE,STOCK EXCHANGE OF HONG KONG LIMITED - SHANGHAI - HONG KONG STOCK CONNECT,HONG KONG,HONG KONG,HK
NONE,ALIOR BANK - SYSTEMATIC INTERNALISER,WARSZAWA,POLAND,PL
NONE,SIB CYPRUS LTD - SYSTEMATIC INTERNALISER,NICOSIA,CYPRUS,CY
NONE,CREDIT SUISSE SECURITIES (EUROPE) LIMITED - SYSTEMATIC INTERNALISER,LONDON,UNITED KINGDOM,GB
NONE,SIGMA X AUSTRALIA,SYDNEY,AUSTRALIA,AU
NONE,SIGMA X HONG KONG,HONG KONG,HONG KONG,HK
NONE,SIGMA X JAPAN,TOKYO,JAPAN,JP
NONE,CREDIT SUISSE EU - SYSTEMATIC INTERNALISER,MADRID,SPAIN,ES
NONE,SIM VENTURE SECURITIES EXCHANGE,SYDNEY,AUSTRALIA,AU
NONE,SUSQUEHANNA INTERNATIONAL SECURITIES LIMITED - SYSTEMATIC INTERNALISER,DUBLIN,IRELAND,IE
NONE,SPAREKASSEN KRONJYLLAND - SYSTEMATIC INTERNALISER,RANDERS,DENMARK,DK
NONE,SALZBURGER LANDES-HYPOTHEKENBANK,SALZBURG,AUSTRIA,AT
NONE,SUMITOMO MITSUI BANKING CORPORATION - BRUSSELS BRANCH - SYSTEMATIC INTERNALISER,BRUSSELS,BELGIUM,BE
NONE,SUMITOMO MITSUI BANKING CORPORATION - DUESSELDORF BRANCH - SYSTEMATIC INTERNALISER,DUESSELDORF,GERMANY,DE
NONE,SUMITOMO MITSUI BANKING CORPORATION EUROPE LIMITED,LONDON,UNITED KINGDOM,GB
NONE,SUMITOMO MITSUI BANKING CORPORATION - LONDON BRANCH - SYSTEMATIC INTERNALISER,LONDON,UNITED KINGDOM,GB
NONE,SUMITOMO MITSUI BANKING CORPORATION EUROPE LIMITED - PARIS BRANCH,PARIS,FRANCE,FR
NONE,SINGAPORE MERCANTILE EXCHANGE PTE LTD,SINGAPORE,SINGAPORE,SG
NONE,"SMALL EXCHANGE, INC - DESIGNATED CONTRACT MARKET",CHICAGO,UNITED STATES OF AMERICA,US
NONE,SMBC BANK EU AG - SYSTEMATIC INTERNALISER,FRANKFURT,GERMANY,DE
NONE,SPAR NORD BANK - SYSTEMATIC INTERNALISER,AALBORG,DENMARK,DK
NONE,SANTANDER UK - SYSTEMATIC INTERNALISER,LONDON,UNITED KINGDOM,GB
NONE,"TWO SIGMA SECURITIES, LLC",NEW YORK,UNITED STATES OF AMERICA,US
NONE,SPREADEX,ST ALBANS,UNITED KINGDOM,GB
NONE,MAREX SPECTRON INTERNATIONAL LIMITED OTF,LONDON,UNITED KINGDOM,GB
NONE,SPECTRUM MARKETS,FRANKFURT,GERMANY,DE
NONE,ST. PETERSBURG INTERNATIONAL MERCANTILE EXCHANGE,SAINT-PETERSBURG,RUSSIA,RU
NONE,SPREADZERO,LONDON,UNITED KINGDOM,GB
NONE,SPAREBANK 1 SMN - SYSTEMATIC INTERNALISER,TRONDHEIM,NORWAY,NO
NONE,SPX,ZILINA,SLOVAKIA,SK
NONE,SQUARE GLOBAL - OTF,LONDON,UNITED KINGDOM,GB
NONE,STATE STREET BANK INTERNATIONAL GMBH,MUNICH,GERMANY,DE
NONE,STATE STREET BANK INTERNATIONAL FX - SYSTEMATIC INTERNALISER,MUNICH,GERMANY,DE
NONE,STATE STREET BANK AND TRUST COMPANY,LONDON,UNITED KINGDOM,GB
NONE,SOCIAL STOCK EXCHANGE,LONDON,UNITED KINGDOM,GB
NONE,STATE STREET BANK AND TRUST FX - SYSTEMATIC INTERNALISER,LONDON,UNITED KINGDOM,GB
NONE,STATE STREET BANK INTERNATIONAL FX - LONDON BRANCH - SYSTEMATIC INTERNALISER,LONDON,UNITED KINGDOM,GB
NONE,FIRST NORTH SWEDEN - SME GROWTH MARKET,STOCKHOLM,SWEDEN,SE
NONE,BONDVISION EUROPE MTF,ROMA,ITALY,IT
NONE,E-EXCHANGE,BOSTON,UNITED STATES OF AMERICA,US
NONE,SSW MARKET MAKING - SYSTEMATIC INTERNALISER,OSTSTEINBEK,GERMANY,DE
NONE,STANDARD CHARTERED - SYSTEMATIC INTERNALISER,LONDON,UNITED KINGDOM,GB
NONE,NASDAQ COMMODITIES - STEEL COMMODITY,OSLO,NORWAY,NO
NONE,STIFEL NICOLAUS EUROPE LIMITED - SYSTEMATIC INTERNALISER,LONDON,UNITED KINGDOM,GB
NONE,STOXX LIMITED,ZURICH,SWITZERLAND,CH
NONE,BOERSE STUTTGART - REGULIERTER MARKT,STUTTGART,GERMANY,DE
NONE,BOERSE STUTTGART - FREIVERKEHR,STUTTGART,GERMANY,DE
NONE,BOERSE STUTTGART - REGULIERTER MARKT - TECHNICAL PLATFORM 2,STUTTGART,GERMANY,DE
NONE,BOERSE STUTTGART - FREIVERKEHR - TECHNICAL PLATFORM 2,STUTTGART,GERMANY,DE
NONE,SUNRISE BROKERS,LONDON,UNITED KINGDOM,GB
NONE,SUNRISE - OTF,LONDON,UNITED KINGDOM,GB
NONE,SUN TRADING LLC,CHICAGO,UNITED STATES OF AMERICA,US
NONE,SVENSKA HANDELSBANKEN AB - SYSTEMATIC INTERNALISER,STOCKHOLM,SWEDEN,SE
NONE,SVENSKA HANDELSBANKEN AB - SVEX,STOCKHOLM,SWEDEN,SE
NONE,SAINT VINCENT AND THE GRENADINES SECURITIES EXCHANGE,KINGSTOWN,SAINT VINCENT AND THE GRENADINES,VC
NONE,SWAPSTREAM,LONDON,UNITED KINGDOM,GB
NONE,SWEDBANK - SYSTEMATIC INTERNALISER,STOCKHOLM,SWEDEN,SE
NONE,SWEDBANK ESTONIA - SYSTEMATIC INTERNALISER,TALLINN,ESTONIA,EE
NONE,SWEDBANK LITHUANIA - SYSTEMATIC INTERNALISER,VILNIUS,LITHUANIA,LT
NONE,SWEDBANK LATVIA - SYSTEMATIC INTERNALISER,RIGA,LATVIA,LV
NONE,SYNOPTION,SINGAPORE,SINGAPORE,SG
NONE,STOCK EXCHANGE OF HONG KONG LIMITED - SHENZHEN - HONG KONG STOCK CONNECT,HONG KONG,HONG KONG,HK
NONE,360T,FRANKFURT,GERMANY,DE
NONE,WARSAW STOCK EXCHANGE/BONDS/BONDSPOT/TREASURY BOND MARKET,WARSAW,POLAND,PL
NONE,TRADITION OTF,LONDON,UNITED KINGDOM,GB
NONE,TIDE CM,LONDON,UNITED KINGDOM,GB
NONE,TORONTO DOMINION BANK - LONDON BRANCH,LONDON,UNITED KINGDOM,GB
NONE,TD SECURITIES,DUBLIN,IRELAND,IE
NONE,TRADITION PARIS - TSAF,PARIS,FRANCE,FR
NONE,TULLETT PREBON EUROPE - OTF - COMMODITY AND ENERGY DERIVATIVES,LONDON,UNITED KINGDOM,GB
NONE,TULLETT PREBON EUROPE -  MTF - FX DERIVATIVES,LONDON,UNITED KINGDOM,GB
NONE,TULLETT PREBON EUROPE - OTF - FX DERIVATIVES,LONDON,UNITED KINGDOM,GB
NONE,TULLETT PREBON EUROPE - OTF - GOVERNMENT BONDS EXCLUDING UK GILTS,LONDON,UNITED KINGDOM,GB
NONE,TULLETT PREBON EUROPE - OTF - GOVERNMENT BONDS - UK GILTS,LONDON,UNITED KINGDOM,GB
NONE,TULLETT PREBON EUROPE - OTF - INTEREST RATE DERIVATIVES,LONDON,UNITED KINGDOM,GB
NONE,TULLETT PREBON EUROPE -  MTF - GOVERNMENT BONDS EXCLUDING UK GILTS,LONDON,UNITED KINGDOM,GB
NONE,TULLETT PREBON EUROPE -  MTF - CORPORATE BONDS AND SECURITISED DEBT,LONDON,UNITED KINGDOM,GB
NONE,TULLETT PREBON EUROPE -  MTF - MONEY MARKETS,LONDON,UNITED KINGDOM,GB
NONE,TULLETT PREBON EUROPE - OTF - MONEY MARKET INSTRUMENTS,LONDON,UNITED KINGDOM,GB
NONE,TULLETT PREBON EUROPE -  MTF - REPOS,LONDON,UNITED KINGDOM,GB
NONE,TERAEXCHANGE,NEW JERSEY,UNITED STATES OF AMERICA,US
NONE,TULLETT PREBON EUROPE - OTF - REPOS,LONDON,UNITED KINGDOM,GB
NONE,THAILAND FUTURES EXCHANGE,BANGKOK,THAILAND,TH
NONE,TFS GREEN AUSTRALIAN GREEN MARKETS,SINGAPORE,SINGAPORE,SG
NONE,T.F.S. DERIVATIVES HK LIMITED,HONG KONG,HONG KONG,HK
NONE,TFS GREEN UNITED STATES GREEN MARKETS,NEW YORK,UNITED STATES OF AMERICA,US
NONE,TRADEGATE EXCHANGE,BERLIN,GERMANY,DE
NONE,TRADEGATE EXCHANGE - SYSTEMATIC INTERNALISER,BERLIN,GERMANY,DE
NONE,THEMIS TRADING LLC,CHATHAM,UNITED STATES OF AMERICA,US
NONE,REFINITIV US SEF LLC,NEW YORK,UNITED STATES OF AMERICA,US
NONE,TULLETT PREBON EUROPE - MTF - INTEREST RATE DERIVATIVES,LONDON,UNITED KINGDOM,GB
NONE,TRUMID ATS,NEW YORK,UNITED STATES OF AMERICA,US
NONE,EURONEXT - TRADED BUT NOT LISTED AMSTERDAM,AMSTERDAM,THE NETHERLANDS,NL
NONE,EURONEXT - TRADING FACILITY BRUSSELS,BRUSSELS,BELGIUM,BE
NONE,EURONEXT BLOCKS,BRUSSELS,BELGIUM,BE
NONE,EURONEXT - TRADING FACILITY LONDON,LONDON,UNITED KINGDOM,GB
NONE,TORA CROSSPOINT,HONG KONG,HONG KONG,HK
NONE,TULLETT PREBON EUROPE - OTF - MADRID - GOVERNMENT BONDS - EXCLUDING GILTS,MADRID,SPAIN,ES
NONE,TOWER RESEARCH CAPITAL EUROPE - SYSTEMATIC INTERNALISER,AMSTERDAM,THE NETHERLANDS,NL
NONE,TULLETT PREBON (EUROPE) LIMITED,LONDON,UNITED KINGDOM,GB
NONE,TULLETT PREBON EUROPE - OTF,LONDON,UNITED KINGDOM,GB
NONE,TULLETT PREBON EUROPE - OTF - MADRID,MADRID,SPAIN,ES
NONE,TULLETT PREBON EU OTF,PARIS,FRANCE,FR
NONE,TP ICAP EU - MTF,PARIS,FRANCE,FR
NONE,THE PROPERTY INVESTMENT EXCHANGE,LONDON,UNITED KINGDOM,GB
NONE,TP ICAP EU - MTF - ORDERBOOK,PARIS,FRANCE,FR
NONE,TP ICAP EU - MTF - REGISTRATION,PARIS,FRANCE,FR
NONE,"TP SEF, INC.",JERSEY CITY,UNITED STATES OF AMERICA,US
NONE,TULLETT PREBON SECURITIES - MTF,LONDON,UNITED KINGDOM,GB
NONE,TULLETT PREBON SECURITIES - OTF,LONDON,UNITED KINGDOM,GB
NONE,TURQUOISE EUROPE - LIT AUCTIONS,AMSTERDAM,THE NETHERLANDS,NL
NONE,TURQUOISE EUROPE - NYLON CASH ORDER BOOK,AMSTERDAM,THE NETHERLANDS,NL
NONE,TURQUOISE EUROPE - DARK,AMSTERDAM,THE NETHERLANDS,NL
NONE,TURQUOISE EUROPE,AMSTERDAM,THE NETHERLANDS,NL
NONE,REFINITIV TRANSACTIONS SERVICES LIMITED - FXALL RFQ,LONDON,UNITED KINGDOM,GB
NONE,TRADITION ASIA LIMITED,HONG KONG,HONG KONG,HK
NONE,MARKETAXESS POST-TRADE LIMITED - APA,LONDON,UNITED KINGDOM,GB
NONE,TRACK ECN,NEW YORK,UNITED STATES OF AMERICA,US
NONE,TOWER RESEARCH CAPITAL TRCX,NEW YORK,UNITED STATES OF AMERICA,US
NONE,TRADITION,LONDON,UNITED KINGDOM,GB
NONE,TRAD-X,LONDON,UNITED KINGDOM,GB
NONE,TRADEWEB EUROPE LIMITED - APA,LONDON,UNITED KINGDOM,GB
NONE,TRADEWEB EUROPE LIMITED - OTF,LONDON,UNITED KINGDOM,GB
NONE,TRADEWEB EUROPE LIMITED,LONDON,UNITED KINGDOM,GB
NONE,REFINITIV TRANSACTION SERVICES LIMITED - FORWARDS MATCHING,LONDON,UNITED KINGDOM,GB
NONE,MARKETAXESS POST-TRADE B.V. - APA,AMSTERDAM,THE NETHERLANDS,NL
NONE,MERJ EXCHANGE LIMITED,EDEN ISLAND,REPUBLIC OF SEYCHELLES,SC
NONE,TURQUOISE LIT AUCTIONS,LONDON,UNITED KINGDOM,GB
NONE,TURQUOISE NYLON CASH ORDER BOOK,LONDON,UNITED KINGDOM,GB
NONE,TURQUOISE NYLON CLEARED CONTRACT,LONDON,UNITED KINGDOM,GB
NONE,TURQUOISE PLATO,LONDON,UNITED KINGDOM,GB
NONE,TURQUOISE,LONDON,UNITED KINGDOM,GB
NONE,TOWER RESEARCH CAPITAL EUROPE LTD,LONDON,UNITED KINGDOM,GB
NONE,TRUEEX LLC - DESIGNATED CONTRACT MARKET (DMC),NEW YORK,UNITED STATES OF AMERICA,US
NONE,TRUEEX LLC - SEF (SWAP EXECUTION FACILITY),NEW YORK,UNITED STATES OF AMERICA,US
NONE,TRUEEX LLC,NEW YORK,UNITED STATES OF AMERICA,US
NONE,TRADEWEB LLC,JERSEY CITY,UNITED STATES OF AMERICA,US
NONE,TRAD-X EUROPE,PARIS,FRANCE,FR
NONE,TRADITION SECURITIES AND DERIVATIVES INC.,NEW YORK,UNITED STATES OF AMERICA,US
NONE,TSAF OTC - OTF,PARIS,FRANCE,FR
NONE,"DBOT ATS, LLC",WILMINGTON,UNITED STATES OF AMERICA,US
NONE,TULLETT PREBON SECURITIES - OTF - CORPORATE BONDS,LONDON,UNITED KINGDOM,GB
NONE,TULLETT PREBON SECURITIES - OTF - CREDIT DERIVATIVES,LONDON,UNITED KINGDOM,GB
NONE,TULLETT PREBON SECURITIES - OTF - EQUITY DERIVATIVES,LONDON,UNITED KINGDOM,GB
NONE,TRADITION SEF,NEW YORK,UNITED STATES OF AMERICA,US
NONE,TULLETT PREBON SECURITIES - OTF - CORPORATE BONDS AND SECURITISED DEBT,LONDON,UNITED KINGDOM,GB
NONE,TULLETT PREBON SECURITIES - OTF - GOVERNMENT BONDS EXCLUDING UK GILTS,LONDON,UNITED KINGDOM,GB
NONE,TULLETT PREBON SECURITIES - OTF - GOVERNMENT BONDS - UK GILTS,LONDON,UNITED KINGDOM,GB
NONE,TRADITION SINGAPORE PTE. LTD.,SINGAPORE,SINGAPORE,SG
NONE,TULLETT PREBON SECURITIES - OTF - MONEY MARKET INSTRUMENTS,LONDON,UNITED KINGDOM,GB
NONE,TULLETT PREBON SECURITIES - MTF - REPOS,LONDON,UNITED KINGDOM,GB
NONE,TULLETT PREBON SECURITIES - OTF - REPOS,LONDON,UNITED KINGDOM,GB
NONE,TRADEWEB EU BV - APA,AMSTERDAM,THE NETHERLANDS,NL
NONE,TRADEWEB EU BV - MTF,AMSTERDAM,THE NETHERLANDS,NL
NONE,TRADEWEB EU BV - OTF,AMSTERDAM,THE NETHERLANDS,NL
NONE,TRADEWEB EU BV,AMSTERDAM,THE NETHERLANDS,NL
NONE,TRADEWEB EUROPE LIMITED - GLOBAL TRADING PLATFORM,LONDON,UNITED KINGDOM,GB
NONE,TRADEWEB EUROPE LIMITED - HONG KONG,HONG KONG,HONG KONG,HK
NONE,TRADEWEB JAPAN KK - PTS,TOKYO,JAPAN,JP
NONE,TRADEWEB JAPAN KK - ETP,TOKYO,JAPAN,JP
NONE,TW SEF LLC,NEW YORK,UNITED STATES OF AMERICA,US
NONE,TRADEWEB EUROPE LIMITED - SINGAPORE,SINGAPORE,SINGAPORE,SG
NONE,"UNICREDIT BANK CZECH REPUBLIC AND SLOVAKIA, A.S.",PRAGUE,CZECH REPUBLIC,CZ
NONE,UBI BANCA - SYSTEMATIC INTERNALISER,BERGAMO,ITALY,IT
NONE,UNION BANK OF INDIA UK LTD,LONDON,UNITED KINGDOM,GB
NONE,UNIPOL BANCA S.P.A.,BOLOGNA,ITALY,IT
NONE,UBS ATS,NEW YORK,UNITED STATES OF AMERICA,US
NONE,UBS AG LONDON BRANCH - TRADING,LONDON,UNITED KINGDOM,GB
NONE,UBS PIN-FX,ZURICH,SWITZERLAND,CH
NONE,UBS FX,ZURICH,SWITZERLAND,CH
NONE,UBS TRADING,ZURICH,SWITZERLAND,CH
NONE,UBS EUROPE SE - SYSTEMATIC INTERNALISER,FRANKFURT,GERMANY,DE
NONE,UBS EUROPE SE - TRADING,FRANKFURT,GERMANY,DE
NONE,UBS PIN (UBS PRICE IMPROVEMENT NETWORK),NEW YORK,UNITED STATES OF AMERICA,US
NONE,UBS SECURITIES LLC,NEW YORK,UNITED STATES OF AMERICA,US
NONE,UBS CROSS,HONG KONG,HONG KONG,HK
NONE,UBS AG LONDON BRANCH - SYSTEMATIC INTERNALISER,LONDON,UNITED KINGDOM,GB
NONE,UNICREDIT BANK AUSTRIA AG,VIENNA,AUSTRIA,AT
NONE,UNICREDIT BANK AG - SYSTEMATIC INTERNALISER,MUNICH,GERMANY,DE
NONE,UNICREDIT BANK HUNGARY ZRT. - SYSTEMATIC INTERNALISER,BUDAPEST,HUNGARY,HU
NONE,UNICREDIT SPA - SYSTEMATIC INTERNALISER,MILAN,ITALY,IT
NONE,UFEX,MONTEVIDEO,URUGUAY,UY
NONE,UKRAINIAN INTERBANK CURRENCY EXCHANGE,KIEV,UKRAINE,UA
NONE,UKRAINIAN EXCHANGE,KIEV,UKRAINE,UA
NONE,MTS UK,LONDON,UNITED KINGDOM,GB
NONE,APX POWER UK,LONDON,UNITED KINGDOM,GB
NONE,ALT XCHANGE (U),KAMPALA,UGANDA,UG
NONE,NASDAQ STOCKHOLM AB - USD WB EQ DERIVATIVES,STOCKHOLM,SWEDEN,SE
NONE,UEDA TRADITION SECURITIES LTD.,TOKYO,JAPAN,JP
NONE,ICE BONDPOINT,NEW YORK,UNITED STATES OF AMERICA,US
NONE,VIRTUAL AUCTION GLOBAL LIMITED,LONDON,UNITED KINGDOM,GB
NONE,VIRTUAL AUCTION GLOBAL MARKETS - MTF,LONDON,UNITED KINGDOM,GB
NONE,VIRTU CLIENT MARKET MAKING,NEW YORK,UNITED STATES OF AMERICA,US
NONE,VANTAGE CAPITAL MARKETS LLP - OTF,LONDON,UNITED KINGDOM,GB
NONE,VIRTU MATCHIT - CONDITIONAL ROOM,NEW YORK,UNITED STATES OF AMERICA,US
NONE,TSX VENTURE EXCHANGE - DRK,TORONTO,CANADA,CA
NONE,VEGA-CHI,LONDON,UNITED KINGDOM,GB
NONE,VERTICAL,NEW YORK,UNITED STATES OF AMERICA,US
NONE,VIRTU FINANCIAL CAPITAL MARKETS LLC,NEW YORK,UNITED STATES OF AMERICA,US
NONE,VIRTU FINANCIAL IRELAND LIMITED,DUBLIN,IRELAND,IE
NONE,VIRTU MATCHIT - MAIN CROSSING SESSION,NEW YORK,UNITED STATES OF AMERICA,US
NONE,VIRTU FINANCIAL IRELAND LIMITED - SYSTEMATIC INTERNALISER,DUBLIN,IRELAND,IE
NONE,VIRTU FINANCIAL IRELAND LIMITED (LONDON BRANCH) - SYSTEMATIC INTERNALISER,LONDON,UNITED KINGDOM,GB
NONE,VIRTU FINANCIAL IRELAND LIMITED - OTC,DUBLIN,IRELAND,IE
NONE,VIRTU FINANCIAL BD,NEW YORK,UNITED STATES OF AMERICA,US
NONE,VONTOBEL LIQUIDITY EXTENDER,ZURICH,SWITZERLAND,CH
NONE,THE FAROESE SECURITIES MARKET,TORSHAVN,FAROE ISLANDS,FO
NONE,BANK VONTOBEL EUROPE AG - SYSTEMATIC INTERNALISER,FRANKFURT,GERMANY,DE
NONE,EURONEXT - VENTES PUBLIQUES BRUSSELS,BRUSSELS,BELGIUM,BE
NONE,VTB CAPITAL PLC - SYSTEMATIC INTERNALISER,LONDON,UNITED KINGDOM,GB
NONE,VORTEX,NEW YORK,UNITED STATES OF AMERICA,US
NONE,TRADELINK,FRANKFURT,GERMANY,DE
NONE,TRADEPLUS,FRANKFURT,GERMANY,DE
NONE,VIRTU AMERICAS LLC,NEW YORK,UNITED STATES OF AMERICA,US
NONE,VWD - APA SERVICE,FRANKFURT,GERMANY,DE
NONE,VWD TRANSACTIONSOLUTIONS AG,FRANKFURT,GERMANY,DE
NONE,WIENER BOERSE AG AMTLICHER HANDEL (OFFICIAL MARKET),VIENNA,AUSTRIA,AT
NONE,WARSAW STOCK EXCHANGE/BONDS/CATALYST/LISTING,WARSAW,POLAND,PL
NONE,WIENER BOERSE AG DRITTER MARKT (THIRD MARKET),VIENNA,AUSTRIA,AT
NONE,BANK ZACHODNI WBK S.A. - SYSTEMATIC INTERNALISER,WROCLAW,POLAND,PL
NONE,WARSAW STOCK EXCHANGE/ BONDS/CATALYST/MAIN MARKET,WARSAW,POLAND,PL
NONE,WARSAW STOCK EXCHANGE/FINANCIAL DERIVATIVES,WARSAW,POLAND,PL
NONE,WEL - SYSTEMATIC INTERNALISER,LONDON,UNITED KINGDOM,GB
NONE,"WELLS FARGO SECURITIES, LLC - CASH EQUITIES",CHARLOTTE,UNITED STATES OF AMERICA,US
NONE,WARSAW STOCK EXCHANGE/ ETPS,WARSAW,POLAND,PL
NONE,WARSAW STOCK EXCHANGE/INDICES,WARSAW,POLAND,PL
NONE,WINTERFLOOD SECURITIES LIMITED - ELECTRONIC PLATFORM,LONDON,UNITED KINGDOM,GB
NONE,WINTERFLOOD SECURITIES LIMITED - MANUAL TRADING,LONDON,UNITED KINGDOM,GB
NONE,WARSAW STOCK EXCHANGE - OTHER THAN XOFF OR XXXX,WARSAW,POLAND,PL
NONE,WARSAW STOCK EXCHANGE/BONDS/CATALYST/MTF,WARSAW,POLAND,PL
NONE,"WOOD & COMPANY FINANCIAL SERVICES, A.S. - SYSTEMATIC INTERNALISER",PRAGUE,CZECH REPUBLIC,CZ
NONE,EURONEXT - MARKET WITHOUT QUOTATIONS LISBON,LISBOA,PORTUGAL,PT
NONE,WALL STREET ACCESS,NEW YORK,UNITED STATES OF AMERICA,US
NONE,WELLS FARGO SECURITIES INTERNATIONAL,LONDON,UNITED KINGDOM,GB
NONE,WESTPAC BANKING CORPORATION - SYSTEMATIC INTERNALISER,LONDON,UNITED KINGDOM,GB
NONE,ABG SUNDAL COLLIER AB - SYSTEMATIC INTERNALISER,STOCKHOLM,SWEDEN,SE
NONE,ABG SUNDAL COLLIER ASA - SYSTEMATIC INTERNALISER,OSLO,NORWAY,NO
NONE,ATHENS EXCHANGE S.A. DERIVATIVES MARKET,ATHENS,GREECE,GR
NONE,FINRA ALTERNATIVE DISPLAY FACILITY (ADF),WASHINGTON/NEW YORK,UNITED STATES OF AMERICA,US
NONE,ABU DHABI SECURITIES EXCHANGE,ABU DHABI,UNITED ARAB EMIRATES,AE
NONE,ALTERNATIVA FRANCE,PARIS,FRANCE,FR
NONE,AFRICAN STOCK EXCHANGE,EBENE CITY,MAURITIUS,MU
NONE,AIM ITALIA - MERCATO ALTERNATIVO DEL CAPITALE,MILAN,ITALY,IT
NONE,ALGIERS STOCK EXCHANGE,ALGIERS,ALGERIA,DZ
NONE,ALBANIA SECURITIES EXCHANGE,TIRANA,ALBANIA,AL
NONE,ALTEX - ATS,LONDON,UNITED KINGDOM,GB
NONE,AMMAN STOCK EXCHANGE,AMMAN,JORDAN,JO
NONE,EURONEXT - EURONEXT AMSTERDAM,AMSTERDAM,THE NETHERLANDS,NL
NONE,EURONEXT - APA,PARIS,FRANCE,FR
NONE,AUTOMATED EQUITY FINANCE MARKETS,NEW YORK,UNITED STATES OF AMERICA,US
NONE,NASDAQ OMX ARMENIA,YEREVAN,ARMENIA,AM
NONE,NYSE MKT LLC,NEW YORK,UNITED STATES OF AMERICA,US
NONE,ASX - ALL MARKETS,SYDNEY,AUSTRALIA,AU
NONE,ATHENS EXCHANGE S.A. CASH MARKET,ATHENS,GREECE,GR
NONE,ATLANTIC SECURITIES MARKET,DUBLIN,IRELAND,IE
NONE,ALPHA EXCHANGE,TORONTO,CANADA,CA
NONE,BAHAMAS INTERNATIONAL SECURITIES EXCHANGE,NASAU,BAHAMAS,BS
NONE,BARBADOS STOCK EXCHANGE,BRIDGETOWN,BARBADOS,BB
NONE,BAHRAIN BOURSE,MANAMA,BAHRAIN,BH
NONE,BANGALORE STOCK EXCHANGE LTD,BANGALORE,INDIA,IN
NONE,BOLSA DE BARCELONA,BARCELONA,SPAIN,ES
NONE,JAKARTA FUTURES EXCHANGE (BURSA BERJANGKA JAKARTA),JAKARTA,INDONESIA,ID
NONE,PERIMETER FINANCIAL CORP. - BLOCKBOOK ATS,TORONTO,CANADA,CA
NONE,BOLSA DE COMERCIO DE CORDOBA,CORDOBA,ARGENTINA,AR
NONE,LA BOLSA ELECTRONICA DE CHILE,SANTIAGO,CHILE,CL
NONE,BOLSA DE COMERCIO DE MENDOZA S.A.,MENDOZA,ARGENTINA,AR
NONE,BOLSA CENTROAMERICANA DE VALORES S.A.,TEGUCIGALPA,HONDURAS,HN
NONE,MERCADO DE VALORES DE MENDOZA S.A.,MENDOZA,ARGENTINA,AR
NONE,BERMUDA STOCK EXCHANGE LTD,HAMILTON,BERMUDA,BM
NONE,BOLSA DE DIVIDA E VALORES DE ANGOLA (BODIVA) - ANGOLA SECURITIES EXCHANGE,LUANDA,ANGOLA,AO
NONE,BELGRADE STOCK EXCHANGE,BELGRADE,SERBIA,REPUBLIC OF
NONE,BOERSE BERLIN,BERLIN,GERMANY,DE
NONE,JSE CASH BOND MARKET,JOHANNESBURG,SOUTH AFRICA,ZA
NONE,BOURSE DE BEYROUTH - BEIRUT STOCK EXCHANGE,BEIRUT,LEBANON,LB
NONE,BOLSA DE VALORES DE BILBAO,BILBAO,SPAIN,ES
NONE,STOCK EXCHANGE OF THAILAND - FOREIGN BOARD,BANGKOK,THAILAND,TH
NONE,STOCK EXCHANGE OF THAILAND,BANGKOK,THAILAND,TH
NONE,BANJA LUKA STOCK EXCHANGE,BANJA LUKA,BOSNIA AND HERZEGOVINA,BA
NONE,EURONEXT BLOCK 2,PARIS,FRANCE,FR
NONE,BLUENEXT,PARIS,FRANCE,FR
NONE,BUDAPEST STOCK EXCHANGE - XBOND,BUDAPEST,HUNGARY,HU
NONE,"BOLSA NACIONAL DE VALORES, S.A.",SAN JOSE,COSTA RICA,CR
NONE,BOLSA DE VALORES DE COLOMBIA,BOGOTA,COLOMBIA,CO
NONE,BOLSA BOLIVIANA DE VALORES S.A.,LA PAZ,BOLIVIA,BO
NONE,BSE LTD,MUMBAI,INDIA,IN
NONE,NASDAQ OMX BX,NEW YORK,UNITED STATES OF AMERICA,US
NONE,BOTSWANA STOCK EXCHANGE,GABORONE,BOTSWANA,BW
BOX,BOX OPTIONS EXCHANGE,BOSTON,UNITED STATES OF AMERICA,US
NONE,BRATISLAVA STOCK EXCHANGE,BRATISLAVA,SLOVAKIA,SK
NONE,EURONEXT - EURONEXT BRUSSELS - DERIVATIVES,BRUSSELS,BELGIUM,BE
NONE,ROMANIAN  COMMODITIES EXCHANGE,BUCHAREST,ROMANIA,RO
BX,BX SWISS AG,BERN,SWITZERLAND,CH
NONE,BRUT ECN,NEW YORK,UNITED STATES OF AMERICA,US
NONE,EURONEXT - EURONEXT BRUSSELS,BRUSSELS,BELGIUM,BE
NONE,BOURSE REGIONALE DES VALEURS MOBILIERES,ABIDJAN,IVORY COAST,CI
NONE,DERIVATIVES REGULATED MARKET - BVB,BUCHAREST,ROMANIA,RO
NONE,SPOT REGULATED MARKET - BVB,BUCHAREST,ROMANIA,RO
NONE,SIX SWISS BILATERAL TRADING PLATFORM FOR STRUCTURED OTC PRODUCTS,ZURICH,SWITZERLAND,CH
NONE,BUDAPEST STOCK EXCHANGE,BUDAPEST,HUNGARY,HU
NONE,BOLSA DE COMERCIO DE BUENOS AIRES,BUENOS AIRES,ARGENTINA,AR
NONE,BULGARIAN STOCK EXCHANGE,SOFIA,BULGARIA,BG
NONE,CAPE VERDE STOCK EXCHANGE,PRAIA,CAPE VERDE,CV
NONE,MOZAMBIQUE STOCK  EXCHANGE,MAPUTO,MOZAMBIQUE,MZ
NONE,BOLSA DE VALORES DE LA REPUBLICA DOMINICANA SA.,SANTO DOMINGO,DOMINICAN REPUBLIC,DO
NONE,NASDAQ OMX BX OPTIONS,NEW YORK,UNITED STATES OF AMERICA,US
NONE,EGYPTIAN EXCHANGE,CAIRO,EGYPT,EG
NONE,CALCUTTA STOCK EXCHANGE,CALCUTTA,INDIA,IN
NONE,CAN - ATS,BUCHAREST,ROMANIA,RO
NONE,CASABLANCA STOCK EXCHANGE,CASABLANCA,MOROCCO,MA
NONE,CAYMAN ISLANDS STOCK EXCHANGE,GEORGETOWN,CAYMAN ISLANDS,KY
CBOE,CBOE FUTURES EXCHANGE,CHICAGO,UNITED STATES OF AMERICA,US
CBOE,CBOE GLOBAL MARKETS INC.,CHICAGO,UNITED STATES OF AMERICA,US
NONE,CHICAGO BOARD OF TRADE,CHICAGO,UNITED STATES OF AMERICA,US
NONE,BAXTER FINANCIAL SERVICES,DUBLIN,IRELAND,IE
NONE,COMMODITIES EXCHANGE CENTER,NEW YORK,UNITED STATES OF AMERICA,US
NONE,UZBEK COMMODITY EXCHANGE,TASHKENT,UZBEKISTAN,UZ
NONE,CHINA FOREIGN EXCHANGE TRADE SYSTEM,SHANGHAI,CHINA,CN
NONE,CANTOR FINANCIAL FUTURES EXCHANGE,NEW YORK,UNITED STATES OF AMERICA,US
NONE,CHINESE GOLD & SILVER EXCHANGE SOCIETY,HONG KONG,HONG KONG,HK
NONE,CHITTAGONG STOCK EXCHANGE LTD.,CHITTAGONG,BANGLADESH,BD
NONE,"NYSE CHICAGO, INC.",CHICAGO,UNITED STATES OF AMERICA,US
NONE,THE INTERNATIONAL STOCK EXCHANGE,ST.  PETER PORT GUERNSEY,C.I.,GG
NONE,"NYSE NATIONAL, INC.",NEW YORK,UNITED STATES OF AMERICA,US
NONE,CHICAGO MERCANTILE EXCHANGE,CHICAGO,UNITED STATES OF AMERICA,US
NONE,BOLSA DE COMERCIO CONFEDERADA S.A.,CORRIENTES,ARGENTINA,AR
NONE,CANADIAN NATIONAL STOCK EXCHANGE,TORONTO,CANADA,CA
NONE,COLOMBO STOCK EXCHANGE,COLOMBO,SRI LANKA,LK
NONE,ICMA,LONDON,UNITED KINGDOM,GB
NONE,CROATIAN POWER EXCHANGE,ZAGREB,CROATIA,HR
NONE,NASDAQ COPENHAGEN A/S,COPENHAGEN,DENMARK,DK
NONE,CAMBODIA SECURITIES EXCHANGE,PHNOM PENH,CAMBODIA,KH
NONE,UZBEKISTAN REPUBLICAN CURRENCY EXCHANGE,TASHKENT,UZBEKISTAN,UZ
NONE,CURRENEX,NEW YORK,UNITED STATES OF AMERICA,US
NONE,CX2,TORONTO,CANADA,CA
NONE,NASDAQ CXD,TORONTO,CANADA,CA
NONE,CYPRUS STOCK EXCHANGE - OTC,NICOSIA (LEFKOSIA),CYPRUS,CY
NONE,CYPRUS STOCK EXCHANGE,NICOSIA (LEFKOSIA),CYPRUS,CY
NONE,DAR ES  SALAAM STOCK EXCHANGE,DAR ES SALAAM,TANZANIA,TZ
NONE,DALIAN COMMODITY EXCHANGE,DALIAN,CHINA,CN
NONE,DELHI STOCK EXCHANGE,DELHI,INDIA,IN
NONE,JOINT-STOCK COMPANY “STOCK EXCHANGE INNEX”,KIEV,UKRAINE,UA
NONE,DUBAI FINANCIAL MARKET,DUBAI,UNITED ARAB EMIRATES,AE
NONE,DHAKA STOCK EXCHANGE LTD,DHAKA,BANGLADESH,BD
NONE,ITALIAN DERIVATIVES MARKET,MILAN,ITALY,IT
NONE,DNB BANK ASA - SYSTEMATIC INTERNALISER,OSLO,NORWAY,NO
NONE,CADE - MERCADO DE DEUDA PUBLICA ANOTADA,MADRID,SPAIN,ES
NONE,AIAF - MERCADO DE RENTA FIJA,MADRID,SPAIN,ES
NONE,TORONTO STOCK EXCHANGE - DRK,TORONTO,CANADA,CA
NONE,DAMASCUS SECURITIES EXCHANGE,DAMASCUS,SYRIAN ARAB REPUBLIC,SY
NONE,BORSA ISTANBUL - DEBT SECURITIES MARKET,ISTANBUL,TURKEY,TR
NONE,DOUALA STOCK EXCHANGE,DOUALA,CAMEROON,CM
NONE,IRISH STOCK EXCHANGE - ALL MARKET,DUBLIN,IRELAND,IE
NONE,BOERSE DUESSELDORF,DUESSELDORF,GERMANY,DE
NONE,ENERGY BROKING IRELAND GAS TRADING PLATFORM,DUBLIN,IRELAND,IE
NONE,ECB EXCHANGE RATES,FRANKFURT,GERMANY,DE
NONE,EUROPEAN COMMODITY CLEARING AG,LEIPZIG,GERMANY,DE
NONE,MTF - CYPRUS EXCHANGE,NICOSIA,CYPRUS,CY
NONE,EASTERN CARIBBEAN SECURITIES EXCHANGE,BASSETERRE,SAINT KITTS AND NEVIS,KN
NONE,ELECTRICITY DAY-AHEAD MARKET,ISTANBUL,TURKEY,TR
NONE,EUROPEAN ENERGY EXCHANGE,LEIPZIG,GERMANY,DE
NONE,EUROPEAN ENERGY EXCHANGE - NON-MTF MARKET,LEIPZIG,GERMANY,DE
NONE,EUROPEAN ENERGY EXCHANGE - REGULATED MARKET,LEIPZIG,GERMANY,DE
NONE,EUREX REPO - HQLA MARKET,FRANKFURT,GERMANY,DE
NONE,ELECTRICITY INTRA-DAY MARKET,ISTANBUL,TURKEY,TR
NONE,ELX,NEW YORK,UNITED STATES OF AMERICA,US
NONE,MERCADO MEXICANO DE DERIVADOS,MEXICO,MEXICO,MX
NONE,EMS EXCHANGE,S-HERTOGENBOSCH,THE NETHERLANDS,NL
NONE,BOERSE BERLIN EQUIDUCT TRADING,BERLIN,GERMANY,DE
NONE,BORSA ISTANBUL - EQUITY MARKET,ISTANBUL,TURKEY,TR
NONE,EUREX REPO - FUNDING AND FINANCING PRODUCTS,FRANKFURT,GERMANY,DE
NONE,EUREX REPO - TRIPARTY,FRANKFURT,GERMANY,DE
NONE,EURONEXT GROWTH DUBLIN,DUBLIN,IRELAND,IE
NONE,XETRA - REGULIERTER MARKT,FRANKFURT,GERMANY,DE
NONE,XETRA - FREIVERKEHR,FRANKFURT,GERMANY,DE
NONE,EURONEXT ETF ACCESS,PARIS,FRANCE,FR
NONE,XETRA,FRANKFURT,GERMANY,DE
NONE,XETRA - SCALE,FRANKFURT,GERMANY,DE
NONE,XETRA – REGULIERTERMARKT – OFF-BOOK,FRANKFURT,GERMANY,DE
NONE,XETRA – FREIVERKEHR– OFF-BOOK,FRANKFURT,GERMANY,DE
NONE,XETRA – SCALE – OFF-BOOK,FRANKFURT,GERMANY,DE
NONE,"EURONEXT COM, COMMODITIES FUTURES AND OPTIONS",AMSTERDAM,THE NETHERLANDS,NL
NONE,"EURONEXT EQF, EQUITIES AND INDICES DERIVATIVES",AMSTERDAM,THE NETHERLANDS,NL
NONE,"EURONEXT IRF, INTEREST RATE FUTURE AND OPTIONS",AMSTERDAM,THE NETHERLANDS,NL
NONE,EUREX REPO SECLEND MARKET,FRANKFURT,GERMANY,DE
NONE,EUREX REPO GMBH,FRANKFURT,GERMANY,DE
NONE,EUREX DEUTSCHLAND,FRANKFURT,GERMANY,DE
NONE,IRISH STOCK EXCHANGE  - GLOBAL EXCHANGE MARKET,DUBLIN,IRELAND,IE
NONE,FINANCIALCONTENT - INDEXES,SAN CARLOS,UNITED STATES OF AMERICA,US
NONE,FINANCIALCONTENT - DIGITAL ASSET TRADE REPORTING FACILITY,SAN CARLOS,UNITED STATES OF AMERICA,US
NONE,FEX GLOBAL,SYDNEY,AUSTRALIA,AU
NONE,FUKUOKA STOCK EXCHANGE,FUKUOKA,JAPAN,JP
NONE,BORSA ISTANBUL - FUTURES AND OPTIONS MARKET,ISTANBUL,TURKEY,TR
NONE,DEUTSCHE BOERSE AG,FRANKFURT,GERMANY,DE
NONE,CENTRAL EASTERN EUROPEAN GAS EXCHANGE LTD,BUDAPEST,HUNGARY,HU
NONE,TRADEGATE EXCHANGE - FREIVERKEHR,BERLIN,GERMANY,DE
NONE,GLOBAL COAL LIMITED,LONDON,UNITED KINGDOM,GB
NONE,GLOBAL COMMODITIES EXCHANGE,LONDON,UNITED KINGDOM,GB
NONE,GLOBAL DERIVATIVES EXCHANGE,LONDON,UNITED KINGDOM,GB
NONE,HONG KONG GROWTH ENTERPRISES MARKET,HONG KONG,HONG KONG,HK
NONE,GHANA STOCK EXCHANGE,ACCRA,GHANA,GH
NONE,GESTORE MERCATO ELETTRICO - ITALIAN POWER EXCHANGE,ROMA,ITALY,IT
NONE,GLOBALCLEAR MERCANTILE EXCHANGE,GUAYNABO,UNITED STATES OF AMERICA,US
NONE,TRADEGATE EXCHANGE - REGULIERTER MARKT,BERLIN,GERMANY,DE
NONE,GEORGIA STOCK EXCHANGE,TBILISI,GEORGIA,GE
NONE,GLOBAL SECURITIES EXCHANGE,LONDON,UNITED KINGDOM,GB
NONE,BOLSA DE VALORES NACIONAL SA,GUATEMALA,GUATEMALA,GT
NONE,BOLSA DE VALORES DE GUAYAQUIL,GUAYAQUIL,ECUADOR,EC
NONE,HANSEATISCHE WERTPAPIERBOERSE HAMBURG,HAMBURG,GERMANY,DE
NONE,NIEDERSAECHSISCHE BOERSE ZU HANNOVER,HANNOVER,GERMANY,DE
NONE,NASDAQ HELSINKI LTD,HELSINKI,FINLAND,FI
NONE,HONG KONG FUTURES EXCHANGE LTD.,HONG KONG,HONG KONG,HK
NONE,HONG KONG EXCHANGES AND CLEARING LTD,HONG KONG,HONG KONG,HK
NONE,HANOI STOCK EXCHANGE - DERIVATIVES,HANOI,VIET NAM,VN
NONE,HANOI STOCK EXCHANGE (UNLISTED PUBLIC COMPANY TRADING PLATFORM),HANOI,VIET NAM,VN
NONE,BAKU INTERBANK CURRENCY EXCHANGE,BAKU,AZERBAIJAN,AZ
NONE,NASDAQ ICELAND HF.,REYKJAVIK,ICELAND,IS
NONE,INSTINET CANADA CROSS,TORONTO,CANADA,CA
NONE,INDONESIA STOCK EXCHANGE,JAKARTA,INDONESIA,ID
NONE,INSTINET EUROPE LIMITED,LONDON,UNITED KINGDOM,GB
NONE,INSTINET PACIFIC LTD,HONG KONG,HONG KONG,HK
NONE,INTERNATIONAL MARTIME EXCHANGE,OSLO,NORWAY,NO
NONE,MULTI COMMODITY EXCHANGE OF INDIA LTD.,MUMBAI,INDIA,IN
NONE,INTERNATIONAL MONETARY MARKET,CHICAGO,UNITED STATES OF AMERICA,US
NONE,SHANGHAI INTERNATIONAL ENERGY EXCHANGE,SHANGHAI,CHINA,CN
NONE,INSTINET,NEW YORK,UNITED STATES OF AMERICA,US
NONE,INVESTRO,FRANKFURT,GERMANY,DE
NONE,INDEX AND OPTIONS MARKET,CHICAGO,UNITED STATES OF AMERICA,US
NONE,HELEX ELECTRONIC BOOK BUILDING,ATHENS,GREECE,GR
NONE,IRAQ STOCK EXCHANGE,BAGHDAD,IRAQ,IQ
NONE,"INTERNATIONAL SECURITIES EXCHANGE, LLC -  ALTERNATIVE MARKETS",NEW YORK,UNITED STATES OF AMERICA,US
NONE,"INTERNATIONAL SECURITIES EXCHANGE, LLC - EQUITIES",NEW YORK,UNITED STATES OF AMERICA,US
NONE,BORSA ISTANBUL,ISTANBUL,TURKEY,TR
NONE,"INTERNATIONAL SECURITIES EXCHANGE, LLC",NEW YORK,UNITED STATES OF AMERICA,US
NONE,JAMAICA STOCK EXCHANGE,KINGSTON,JAMAICA,JM
NONE,TOKYO STOCK EXCHANGE JASDAQ,TOKYO,JAPAN,JP
NONE,JAKARTA NEGOTIATED BOARD,JAKARTA,INDONESIA,ID
NONE,JAPAN EXCHANGE GROUP,TOKYO,JAPAN,JP
NONE,JOHANNESBURG STOCK EXCHANGE,JOHANNESBURG,SOUTH AFRICA,ZA
NONE,OSAKA DOJIMA COMMODITY EXCHANGE,OSAKA,JAPAN,JP
NONE,THE PAKISTAN STOCK EXCHANGE LIMITED,KARACHI,PAKISTAN,PK
NONE,KAZAKHSTAN STOCK EXCHANGE,ALMA-ATA,KAZAKHSTAN,KZ
NONE,KANSAS CITY BOARD OF TRADE,KANSAS CITY,UNITED STATES OF AMERICA,US
NONE,KHOREZM INTERREGION COMMODITY EXCHANGE,TASHKENT,UZBEKISTAN,UZ
NONE,KOREA EXCHANGE COMMODITY MARKET,SEOUL KOREA,REPUBLIC OF,KR
NONE,KOREA EXCHANGE EMISSIONS MARKET,SEOUL KOREA,REPUBLIC OF,KR
NONE,KOREA FREEBOARD MARKET,SEOUL KOREA,REPUBLIC OF,KR
NONE,KOREA EXCHANGE (FUTURES MARKET),SEOUL KOREA,REPUBLIC OF,KR
NONE,KHARTOUM STOCK EXCHANGE,KHARTOUM,SUDAN,SD
NONE,KHARKOV COMMODITY EXCHANGE,KHARKOV,UKRAINE,UA
NONE,KIEV UNIVERSAL EXCHANGE,KIEV,UKRAINE,UA
NONE,KIEV INTERNATIONAL STOCK EXCHANGE,KIEV,UKRAINE,UA
NONE,BURSA MALAYSIA,KUALA LUMPUR,MALAYSIA,MY
NONE,KOREA NEW EXCHANGE,SEOUL KOREA,REPUBLIC OF,KR
NONE,KOREA EXCHANGE (KOSDAQ),SEOUL KOREA,REPUBLIC OF,KR
NONE,KOREA EXCHANGE (STOCK MARKET),SEOUL KOREA,REPUBLIC OF,KR
NONE,KYRGYZ STOCK EXCHANGE,BISHKEK,KYRGYZSTAN,KG
NONE,KUWAIT STOCK EXCHANGE,KUWAIT,KUWAIT,KW
NONE,LAO SECURITIES EXCHANGE,LAO,LAOS,LA
NONE,LATIBEX,MADRID,SPAIN,ES
NONE,LONDON BULLION MARKET,LONDON,UNITED KINGDOM,GB
NONE,LCH LTD,LONDON,UNITED KINGDOM,GB
NONE,EURONEXT - EURONEXT LONDON,LONDON,UNITED KINGDOM,GB
NONE,LONDON DERIVATIVES EXCHANGE,LONDON,UNITED KINGDOM,GB
NONE,LABUAN INTERNATIONAL FINANCIAL EXCHANGE,LABUAN,MALAYSIA,MY
NONE,LGT BANK AG - SYSTEMATIC INTERNALISER,VADUZ,LIECHTENSTEIN,LI
NONE,BOLSA DE VALORES DE LIMA,LIMA,PERU,PE
NONE,EURONEXT - EURONEXT LISBON,LISBOA,PORTUGAL,PT
NONE,AB NASDAQ VILNIUS,VILNIUS,LITHUANIA,LT
NONE,SI ENTER,LJUBLJANA,SLOVENIA,SI
NONE,LJUBLJANA STOCK EXCHANGE (OFFICIAL MARKET),LJUBLJANA,SLOVENIA,SI
NONE,LIECHTENSTEINISCHE LANDESBANK AG - SYSTEMATIC INTERNALISER,VADUZ,LIECHTENSTEIN,LI
NONE,LONDON METAL EXCHANGE,LONDON,UNITED KINGDOM,GB
NONE,LONDON STOCK EXCHANGE – CURVEGLOBAL MARKETS,LONDON,UNITED KINGDOM,GB
NONE,LONDON STOCK EXCHANGE - MTF,LONDON,UNITED KINGDOM,GB
NONE,LONDON STOCK EXCHANGE,LONDON,UNITED KINGDOM,GB
NONE,LIBYAN STOCK MARKET,TRIPOLI,LIBYAN ARAB JAMAHIRIYA,LY
NONE,LUSAKA STOCK EXCHANGE,LUSAKA,ZAMBIA,ZM
NONE,LUXEMBOURG STOCK EXCHANGE,LUXEMBOURG,LUXEMBOURG,LU
NONE,MERCADO ABIERTO ELECTRONICO S.A.,BUENOS AIRES,ARGENTINA,AR
NONE,BOLSA DE MADRID,MADRID,SPAIN,ES
NONE,MACEDONIAN STOCK EXCHANGE,SKOPJE,MACEDONIA,MK
NONE,MARKET FOR ALTERNATIVE INVESTMENT,BANGKOK,THAILAND,TH
NONE,MALTA STOCK EXCHANGE,VALLETTA,MALTA,MT
NONE,BOLSA DE VALORES DE NICARAGUA,MANAGUA,NICARAGUA,NI
NONE,EURONEXT PARIS MATIF,PARIS,FRANCE,FR
NONE,STOCK EXCHANGE OF MAURITIUS LTD,PORT LOUIS,MAURITIUS,MU
NONE,MARCHE INTERBANCAIRE DES DEVISES M.I.D.,ANTANANARIVO,MADAGASCAR,MG
NONE,MADRAS STOCK EXCHANGE,MADRAS,INDIA,IN
NONE,MERCHANTS' EXCHANGE,CHICAGO,UNITED STATES OF AMERICA,US
NONE,MERCADO DE VALORES DE BUENOS AIRES S.A.,BUENOS AIRES,ARGENTINA,AR
NONE,BOLSA MEXICANA DE VALORES (MEXICAN STOCK EXCHANGE),MEXICO,MEXICO,MX
NONE,MEFF FX FINANCIAL DERIVATIVES,MADRID,SPAIN,ES
NONE,MINNEAPOLIS GRAIN EXCHANGE,MINNEAPOLIS,UNITED STATES OF AMERICA,US
NONE,BORSA ITALIANA S.P.A.,MILANO,ITALY,IT
NONE,MIAMI INTERNATIONAL SECURITIES EXCHANGE,PRINCETON,UNITED STATES OF AMERICA,US
NONE,EURONEXT ACCESS PARIS,PARIS,FRANCE,FR
NONE,BOLSA DE VALORES DE MONTEVIDEO,MONTEVIDEO,URUGUAY,UY
NONE,MONTENEGRO STOCK EXCHANGE,MONTENEGRO MONTENEGRO,REPUBLIC OF,ME
NONE,MONTREAL CLIMATE EXCHANGE,MONTREAL,CANADA,CA
NONE,THE MONTREAL EXCHANGE / BOURSE DE MONTREAL,MONTREAL,CANADA,CA
NONE,MOLDOVA STOCK EXCHANGE,CHISINAU MOLDOVA,REPUBLIC OF,MD
NONE,EURONEXT PARIS MONEP,PARIS,FRANCE,FR
NONE,CENTRAL COUNTERPARTY CLEARING CENTER MFB - JOINT-STOCK COMPANY,MOSCOW,RUSSIA,RU
NONE,EXTRAMOT,MILANO,ITALY,IT
NONE,MEFF POWER DERIVATIVES,MADRID,SPAIN,ES
NONE,MEFF FINANCIAL DERIVATIVES,MADRID,SPAIN,ES
NONE,EURONEXT DUBLIN,DUBLIN,IRELAND,IE
NONE,MALAWI STOCK EXCHANGE,BLANTYRE,MALAWI,MW
NONE,MERCADO A TERMINO DE BUENOS AIRES S.A.,BUENOS AIRES,ARGENTINA,AR
NONE,EUROMTS LTD,LONDON,UNITED KINGDOM,GB
NONE,BOERSE MUENCHEN,MUENCHEN,GERMANY,DE
NONE,MUSCAT SECURITIES MARKET,MUSCAT,OMAN,OM
NONE,MERCADO DE VALORES DEL LITORAL S.A.,SANTA FE,ARGENTINA,AR
NONE,SISTEMA ESPANOL DE NEGOCIACION DE ACTIVOS FINANCIEROS,MADRID,SPAIN,ES
NONE,NAIROBI STOCK EXCHANGE,NAIROBI,KENYA,KE
NONE,NAMIBIAN STOCK EXCHANGE,WINDHOEK,NAMIBIA,NA
NONE,NASDAQ - ALL MARKETS,NEW YORK,UNITED STATES OF AMERICA,US
NONE,NATIONAL COMMODITY & DERIVATIVES EXCHANGE LTD,MUMBAI,INDIA,IN
NONE,NASDAQ CAPITAL MARKET,NEW YORK,UNITED STATES OF AMERICA,US
NONE,WARSAW STOCK EXCHANGE/ EQUITIES/NEW CONNECT - MTF,WARSAW,POLAND,PL
NONE,NASDAQ OPTIONS MARKET,NEW YORK,UNITED STATES OF AMERICA,US
NONE,PJSC NATIONAL DEPOSITORY OF UKRAINE,KYIV,UKRAINE,UA
NONE,NATIONAL STOCK EXCHANGE OF AUSTRALIA LIMITED,NEWCASTLE,AUSTRALIA,AU
NONE,NEPAL STOCK EXCHANGE,KATHMANDU,NEPAL,NP
NONE,NASDAQ FIXED INCOME TRADING,NEW YORK,UNITED STATES OF AMERICA,US
NONE,NORDIC GROWTH MARKET,STOCKHOLM,SWEDEN,SE
NONE,NAGOYA STOCK EXCHANGE,NAGOYA,JAPAN,JP
NONE,NASDAQ/NGS (GLOBAL SELECT MARKET),NEW YORK,UNITED STATES OF AMERICA,US
NONE,NASDAQ INTERMARKET,NEW YORK,UNITED STATES OF AMERICA,US
NONE,CENTRAL JAPAN COMMODITIES EXCHANGE,NAGOYA,JAPAN,JP
NONE,NYSE LIFFE,NEW YORK,UNITED STATES OF AMERICA,US
NONE,NASDAQ/NMS (GLOBAL MARKET),NEW YORK,UNITED STATES OF AMERICA,US
NONE,NORDEA - SYSTEMATIC INTERNALISER,HELSINKI,FINLAND,FI
NONE,THE NIGERIAN STOCK EXCHANGE,LAGOS,NIGERIA,NG
NONE,NATIONAL STOCK EXCHANGE OF INDIA,MUMBAI,INDIA,IN
NONE,NXCHANGE,AMSTERDAM,THE NETHERLANDS,NL
NONE,NXCHANGE B.V. MTF,AMSTERDAM,THE NETHERLANDS,NL
NONE,NEW YORK MERCANTILE EXCHANGE - OTC MARKETS,NEW YORK,UNITED STATES OF AMERICA,US
NONE,NEW YORK MERCANTILE EXCHANGE - ENERGY MARKETS,NEW YORK,UNITED STATES OF AMERICA,US
NONE,NEW YORK MERCANTILE EXCHANGE,NEW YORK,UNITED STATES OF AMERICA,US
NONE,"NEW YORK STOCK EXCHANGE, INC.",NEW YORK,UNITED STATES OF AMERICA,US
NONE,NEW ZEALAND EXCHANGE LTD,WELLINGTON,NEW ZEALAND,NZ
NONE,OSLO BORS ASA - OSLO AXESS LIT X AUCTIONS,OSLO,NORWAY,NO
NONE,OSLO AXESS NORTH SEA - DARK POOL,OSLO,NORWAY,NO
NONE,NORDIC ALTERNATIVE BOND MARKET,OSLO,NORWAY,NO
NONE,EURONEXT EXPAND OSLO,OSLO,NORWAY,NO
NONE,"ONECHICAGO, LLC",CHICAGO,UNITED STATES OF AMERICA,US
NONE,ODESSA COMMODITY EXCHANGE,ODESSA,UKRAINE,UA
NONE,OFF-EXCHANGE TRANSACTIONS - LISTED INSTRUMENTS,ZZ,ZZ,ZZ
NONE,OTC PUBLICATION VENUE,STOCKHOLM,SWEDEN,SE
NONE,OSLO BORS - LIT X AUCTIONS,OSLO,NORWAY,NO
NONE,OSLO CONNECT,OSLO,NORWAY,NO
NONE,OSLO BORS NORTH SEA - DARK POOL,OSLO,NORWAY,NO
NONE,OSAKA EXCHANGE,OSAKA,JAPAN,JP
NONE,OSAKA EXCHANGE J-NET,OSAKA,JAPAN,JP
NONE,OSLO BORS,OSLO,NORWAY,NO
NONE,OTCBB,WASHINGTON,UNITED STATES OF AMERICA,US
NONE,POSIT AUCTION,DUBLIN,IRELAND,IE
NONE,PALESTINE SECURITIES EXCHANGE,NABLUS PALESTINIAN TERRITORY,OCCUPIED,PS
NONE,POSIT AUCTION UK,LONDON,UNITED KINGDOM,GB
NONE,EURONEXT - EURONEXT PARIS,PARIS,FRANCE,FR
NONE,NASDAQ OMX FUTURES EXCHANGE,PHILADELPHIA,UNITED STATES OF AMERICA,US
NONE,STOCK EXCHANGE SAINT PETERSBURG,SAINT-PETERSBURG,RUSSIA,RU
NONE,NASDAQ OMX PHLX,PHILADELPHIA,UNITED STATES OF AMERICA,US
NONE,PHILADELPHIA OPTIONS EXCHANGE,PHILADELPHIA,UNITED STATES OF AMERICA,US
NONE,"PHILIPPINE STOCK EXCHANGE, INC.",PASIG CITY,PHILIPPINES,PH
NONE,PEEL HUNT CROSSING,LONDON,UNITED KINGDOM,GB
NONE,SAINT-PETERSBURG CURRENCY EXCHANGE,SAINT-PETERSBURG,RUSSIA,RU
NONE,BORSA ISTANBUL - PRECIOUS METALS AND DIAMONDS MARKETS,ISTANBUL,TURKEY,TR
NONE,POSIT DARK UK,LONDON,UNITED KINGDOM,GB
NONE,PNGX MARKETS LIMITED,PORT MORESBY,PAPUA NEW GUINEA,PG
NONE,PORTAL,WASHINGTON,UNITED STATES OF AMERICA,US
NONE,POSIT DARK,DUBLIN,IRELAND,IE
NONE,EUROPEAN ENERGY EXCHANGE - OTF GAS MARKET,LEIPZIG,GERMANY,DE
NONE,POWERNEXT,PARIS,FRANCE,FR
NONE,PRAGUE STOCK EXCHANGE,PRAGUE,CZECH REPUBLIC,CZ
NONE,PRIDNEPROVSK COMMODITY EXCHANGE,DNIPROPETROVSK,UKRAINE,UA
NONE,PRAGUE STOCK EXCHANGE - MTF,PRAGUE,CZECH REPUBLIC,CZ
NONE,EUROPEAN ENERGY EXCHANGE - REGULATED GAS MARKET,LEIPZIG,GERMANY,DE
NONE,POSIT - ASIA PACIFIC,HONG KONG,HONG KONG,HK
NONE,NASDAQ OMX PSX,NEW YORK,UNITED STATES OF AMERICA,US
NONE,"BOLSA DE VALORES DE PANAMA, S.A.",PANAMA,PANAMA,PA
NONE,XP INVESTMENTS UK LLP,LONDON,UNITED KINGDOM,GB
NONE,"XP INVESTMENTS US, LLC",NEW YORK,UNITED STATES OF AMERICA,US
NONE,POWER EXCHANGE CENTRAL EUROPE,PRAGUE,CZECH REPUBLIC,CZ
NONE,SIX SWISS EXCHANGE – STRUCTURED PRODUCTS,ZURICH,SWITZERLAND,CH
NONE,BOERSE DUESSELDORF - QUOTRIX,DUESSELDORF,GERMANY,DE
NONE,BOLSA DE VALORES DE QUITO,QUITO,ECUADOR,EC
NONE,RASDAQ,BUCHAREST,ROMANIA,RO
NONE,RINGGIT BOND MARKET,KUALA LUMPUR,MALAYSIA,MY
NONE,RAIFFEISEN CENTROBANK AG - SYSTEMATIC INTERNALISER,VIENNA,AUSTRIA,AT
NONE,SIX REPO AG - CH REPO MARKET,ZURICH,SWITZERLAND,CH
NONE,POSIT RFQ,DUBLIN,IRELAND,IE
NONE,NASDAQ RIGA AS,RIGA,LATVIA,LV
NONE,RM-SYSTEM CZECH STOCK EXCHANGE - MTF,PRAGUE,CZECH REPUBLIC,CZ
NONE,RM-SYSTEM CZECH STOCK EXCHANGE,PRAGUE,CZECH REPUBLIC,CZ
NONE,BOLSA DE COMERCIO ROSARIO,ROSARIO,ARGENTINA,AR
NONE,SIX REPO AG - OTC SPOT MARKET,ZURICH,SWITZERLAND,CH
NONE,MERCADO DE VALORES DE ROSARIO S.A.,ROSARIO,ARGENTINA,AR
NONE,ROMANIAN POWER MARKET,BUCHAREST,ROMANIA,RO
NONE,PEEL HUNT RETAIL,LONDON,UNITED KINGDOM,GB
NONE,INTERNET DIRECT-ACCESS EXCHANGE,MOSCOW,RUSSIA,RU
NONE,JSE EQUITY DERIVATIVES MARKET,JOHANNESBURG,SOUTH AFRICA,ZA
NONE,SAMARA CURRENCY INTERBANK EXCHANGE,SAMARA,RUSSIA,RU
NONE,SAPPORO SECURITIES EXCHANGE,SAPPORO,JAPAN,JP
NONE,SPOTLIGHT STOCK MARKET,STOCKHOLM,SWEDEN,SE
NONE,SAUDI STOCK EXCHANGE,RIYADH,SAUDI ARABIA,SA
NONE,JAPANNEXT - X - MARKET,TOKYO,JAPAN,JP
NONE,SINGAPORE EXCHANGE BOND TRADING PTE. LTD,SINGAPORE,SINGAPORE,SG
NONE,BOERSE FRANKFURT WARRANTS TECHNICAL 1,FRANKFURT,GERMANY,DE
NONE,BOERSE FRANKFURT WARRANTS TECHNICAL 2,FRANKFURT,GERMANY,DE
NONE,BOERSE FRANKFURT WARRANTS TECHNICAL 3,FRANKFURT,GERMANY,DE
NONE,SINGAPORE CATALIST MARKET,SINGAPORE,SINGAPORE,SG
NONE,SINGAPORE COMMODITY EXCHANGE,SINGAPORE,SINGAPORE,SG
NONE,BOERSE FRANKFURT WARRANTS TECHNICAL,FRANKFURT,GERMANY,DE
NONE,STOXX LIMITED - CUSTOMIZED INDICES,ZURICH,SWITZERLAND,CH
NONE,SIX DIGITAL EXCHANGE,ZURICH,SWITZERLAND,CH
NONE,SIX SWISS EXCHANGE - EBBO BOOK,ZURICH,SWITZERLAND,CH
NONE,SHENZHEN STOCK EXCHANGE - SHENZHEN - HONG KONG STOCK CONNECT,SHENZHEN,CHINA,CN
NONE,"SWAPEX, LLC",NEW YORK,UNITED STATES OF AMERICA,US
NONE,SINGAPORE EXCHANGE,SINGAPORE,SINGAPORE,SG
NONE,JSE COMMODITY DERIVATIVES MARKET,JOHANNESBURG,SOUTH AFRICA,ZA
NONE,ASX - TRADE24,SYDNEY,AUSTRALIA,AU
NONE,SOCIETE GENERALE - SYSTEMATIC INTERNALISER,PARIS,FRANCE,FR
NONE,SOCIETE GENERALE (LONDON BRANCH) - SYSTEMATIC INTERNALISER,LONDON,UNITED KINGDOM,GB
NONE,SHANGHAI FUTURES EXCHANGE,SHANGHAI,CHINA,CN
NONE,SANTIAGO STOCK EXCHANGE,SANTIAGO,CHILE,CL
NONE,SHENZHEN STOCK EXCHANGE,SHENZHEN,CHINA,CN
NONE,SHANGHAI STOCK EXCHANGE,SHANGHAI,CHINA,CN
NONE,SIBERIAN EXCHANGE,NOVOSIBIRSK,RUSSIA,RU
NONE,SINGAPORE EXCHANGE DERIVATIVES CLEARING LIMITED,SINGAPORE,SINGAPORE,SG
NONE,EURONEXT BLOCK,LONDON,UNITED KINGDOM,GB
NONE,BSP REGIONAL ENERGY EXCHANGE - SOUTH POOL,LJUBLJANA,SLOVENIA,SI
NONE,EURONEXT STRUCTURED PRODUCTS MTF,PARIS,FRANCE,FR
NONE,SOUTH PACIFIC STOCK EXCHANGE,SUVA,FIJI,FJ
NONE,SHANGHAI STOCK EXCHANGE - SHANGHAI - HONG KONG STOCK CONNECT,SHANGHAI,CHINA,CN
NONE,SARAJEVO STOCK EXCHANGE,SARAJEVO,BOSNIA AND HERZEGOVINA,BA
NONE,HOCHIMINH STOCK EXCHANGE,HO CHI MINH CITY,VIET NAM,VN
NONE,REPUBLICAN STOCK EXCHANGE,TASHKENT,UZBEKISTAN,UZ
NONE,BOERSE STUTTGART - TECHNICAL PLATFORM 2,STUTTGART,GERMANY,DE
NONE,FIDELITY CROSSSTREAM ATS,BOSTON,UNITED STATES OF AMERICA,US
NONE,NASDAQ STOCKHOLM AB,STOCKHOLM,SWEDEN,SE
NONE,BOERSE STUTTGART,STUTTGART,GERMANY,DE
NONE,STOXX LIMITED - VOLATILITY INDICES,ZURICH,SWITZERLAND,CH
NONE,STOXX LIMITED - INDICES,ZURICH,SWITZERLAND,CH
NONE,EL SALVADOR STOCK EXCHANGE,EL SALVADOR,EL SALVADOR,SV
NONE,SWAZILAND STOCK EXCHANGE,MBABANE,SWAZILAND,SZ
NONE,SWX SWISS BLOCK,LONDON,UNITED KINGDOM,GB
NONE,SIX SWISS EXCHANGE - SIX SWISS EXCHANGE AT MIDPOINT,ZURICH,SWITZERLAND,CH
NONE,SIX SWISS EXCHANGE,ZURICH,SWITZERLAND,CH
NONE,TEL AVIV STOCK EXCHANGE,TEL AVIV,ISRAEL,IL
NONE,TAIWAN FUTURES EXCHANGE,TAIPEI,TAIWAN,TW
NONE,TAIWAN STOCK EXCHANGE,TAIPEI,TAIWAN,TW
NONE,NASDAQ TALLINN AS,TALLINN,ESTONIA,EE
NONE,TOKYO STOCK EXCHANGE-TOKYO PRO MARKET,TOKYO,JAPAN,JP
NONE,TEHRAN STOCK EXCHANGE,TEHRAN,IRAN,IR
NONE,TOKYO FINANCIAL  EXCHANGE,TOKYO,JAPAN,JP
NONE,TIRANA STOCK EXCHANGE,TIRANA,ALBANIA,AL
NONE,TOKYO STOCK EXCHANGE - TOSTNET-1,TOKYO,JAPAN,JP
NONE,TOKYO STOCK EXCHANGE - TOSTNET-2,TOKYO,JAPAN,JP
NONE,TOKYO STOCK EXCHANGE - TOSTNET-3,TOKYO,JAPAN,JP
NONE,TOKYO STOCK EXCHANGE,TOKYO,JAPAN,JP
NONE,TOKYO COMMODITY EXCHANGE,TOKYO,JAPAN,JP
NONE,XTEND,BUDAPEST,HUNGARY,HU
NONE,TSX VENTURE EXCHANGE - NEX,VANCOUVER,CANADA,CA
NONE,XTRD,NEW YORK,UNITED STATES OF AMERICA,US
NONE,TRINIDAD AND TOBAGO STOCK EXCHANGE,PORT OF SPAIN,TRINIDAD AND TOBAGO,TT
NONE,ZAGREB MONEY AND SHORT TERM SECURITIES MARKET INC,ZAGREB,CROATIA,HR
NONE,TORONTO STOCK EXCHANGE,TORONTO,CANADA,CA
NONE,TSX VENTURE EXCHANGE,TORONTO,CANADA,CA
NONE,NUEVA BOLSA DE COMERCIO DE TUCUMAN S.A.,TUCUMAN,ARGENTINA,AR
NONE,BOURSE DE TUNIS,TUNIS,TUNISIA,TN
NONE,XTX MARKETS SAS,PARIS,FRANCE,FR
NONE,XTX MARKETS,LONDON,UNITED KINGDOM,GB
NONE,UKRAINIAN STOCK EXCHANGE,KIEV,UKRAINE,UA
NONE,UBS MTF LIMITED - DARK ORDER BOOK,LONDON,UNITED KINGDOM,GB
NONE,UGANDA SECURITIES EXCHANGE,KAMPALA,UGANDA,UG
NONE,UKRAINIAN UNIVERSAL COMMODITY EXCHANGE,KIEV,UKRAINE,UA
NONE,MONGOLIAN STOCK EXCHANGE,ULAAN BAATAR,MONGOLIA,MN
NONE,UBS MTF LIMITED - PERIODIC AUCTION ORDER BOOK,LONDON,UNITED KINGDOM,GB
NONE,UNIVERSAL BROKER'S EXCHANGE 'TASHKENT',TASHKENT,UZBEKISTAN,UZ
NONE,UNITED STOCK EXCHANGE,MUMBAI,INDIA,IN
NONE,BOLSA DE VALENCIA,VALENCIA,SPAIN,ES
NONE,VESTIMA,LUXEMBOURG,LUXEMBOURG,LU
NONE,"WIENER BOERSE AG, WERTPAPIERBOERSE (SECURITIES EXCHANGE)",VIENNA,AUSTRIA,AT
NONE,BOLSA DE VALORES Y PRODUCTOS DE ASUNCION SA,ASUNCION,PARAGUAY,PY
NONE,VP BANK AG - SYSTEMATIC INTERNALISER,VADUZ,LIECHTENSTEIN,LI
NONE,SIX SWISS EXCHANGE - BLUE CHIPS SEGMENT,ZURICH,SWITZERLAND,CH
NONE,WARSAW STOCK EXCHANGE/EQUITIES/MAIN MARKET,WARSAW,POLAND,PL
NONE,WIENER BOERSE AG,VIENNA,AUSTRIA,AT
NONE,FRANKFURT CEF SC,FRANKFURT,GERMANY,DE
NONE,YIELDBROKER PTY LTD,SYDNEY,AUSTRALIA,AU
NONE,ZAGREB STOCK EXCHANGE,ZAGREB,CROATIA,HR
NONE,PROGRESS MARKET,ZAGREB,CROATIA,HR
NONE,ZHENGZHOU COMMODITY EXCHANGE,ZHENGZHOU,CHINA,CN
NONE,ZIMBABWE STOCK EXCHANGE,HARARE,ZIMBABWE,ZW
NONE,"COMHAR CAPITAL MARKETS, LLC - US EQUITIES",CHICAGO,UNITED STATES OF AMERICA,US
NONE,JSE INTEREST RATE DERIVATIVES MARKET,JOHANNESBURG,SOUTH AFRICA,ZA
NONE,ZAGREB STOCK EXCHANGE - APA,ZAGREB,CROATIA,HR
NONE,ZAR X,JOHANNESBURG,SOUTH AFRICA,ZA
NONE,BULGARIAN STOCK EXCHANGE - MAIN MARKET,SOFIA,BULGARIA,BG
NONE,ZERO HASH,CHICAGO,UNITED STATES OF AMERICA,US
NONE,JSE CURRENCY DERIVATIVES MARKET,JOHANNESBURG,SOUTH AFRICA,ZA
NONE,ZURCHER KANTONALBANK SECURITIES EXCHANGE,ZURICH,SWITZERLAND,CH
NONE,ZOBEX,BERLIN,GERMANY,DE
NONE,24 EXCHANGE,BERMUDA,BERMUDA,BM
NONE,AFS E-VENUES B.V.,AMSTERDAM,THE NETHERLANDS,NL
NONE,AMMAN STOCK EXCHANGE - NON-LISTED SECURITIES MARKET,AMMAN,JORDAN,JO
NONE,INTELLIGENTCROSS ASPEN MAKER/TAKER,STAMFORD,UNITED STATES OF AMERICA,US
NONE,INTELLIGENTCROSS ASPEN INVERTED,STAMFORD,UNITED STATES OF AMERICA,US
NONE,INTELLIGENTCROSS ASPEN INTELLIGENT BID/OFFER,STAMFORD,UNITED STATES OF AMERICA,US
NONE,BANK OF AMERICA SECURITIES EQUITY SWAP - SYNTHETIC PRICE SOURCE,HONG KONG,HONG KONG,HK
NONE,BB SECURITIES LTD,LONDON,UNITED KINGDOM,GB
NONE,DSK BANK EAD,SOFIA,BULGARIA,BG
NONE,BALKAN GAS HUB EAD,SOFIA,BULGARIA,BG
NONE,BAKKT,ATLANTA,UNITED STATES OF AMERICA,US
NONE,BANK OF AMERICA MERRILL LYNCH INTERNATIONAL BANK DESIGNATED ACTIVITY COMPANY,DUBLIN,IRELAND,IE
NONE,BANK OF AMERICA MERRILL LYNCH INTERNATIONAL BANK DESIGNATED ACTIVITY COMPANY - SYSTEMATIC INTERNALISER,DUBLIN,IRELAND,IE
NONE,"BANCO SANTANDER, LONDON BRANCH - SYSTEMATIC INTERNALISER",LONDON,UNITED KINGDOM,GB
NONE,BLOOMBERG TRADEBOOK SINGAPORE PTE LTD,SINGAPORE,SINGAPORE,SG
NONE,BROKERTEC AMERICAS LLC - RFQ PLATFORM,NEW YORK,UNITED STATES OF AMERICA,US
NONE,LCH LTD - BUY IN,LONDON,UNITED KINGDOM,GB
NONE,CLSA AMERICAS - LIQUIDITY HUB,NEW YORK,UNITED STATES OF AMERICA,US
CBOE,CBOE FX NDFS,ZURICH,SWITZERLAND,CH
NONE,CREDIT SUISSE (DEUTSCHLAND) AG - SYSTEMATIC INTERNALISER,FRANKFURT,GERMANY,DE
NONE,CANTOR FITZGERALD IRELAND LIMITED,DUBLIN,IRELAND,IE
NONE,CITI MATCH GB CONTRA LIQUIDITY,LONDON,UNITED KINGDOM,GB
NONE,CIMD S.V. S.A. - APPROVED PUBLICATION ARRANGEMENT,MADRID,SPAIN,ES
NONE,"NYSE NATIONAL, INC. - DARK",NEW YORK,UNITED STATES OF AMERICA,US
NONE,LCH LTD - CROSS NETTING,LONDON,UNITED KINGDOM,GB
NONE,CLEAR STREET,NEW YORK,UNITED STATES OF AMERICA,US
NONE,CAPI - APPROVED PUBLICATION ARRANGEMENT,MADRID,SPAIN,ES
NONE,"COMHAR CAPITAL MARKETS, LLC",CHICAGO,UNITED STATES OF AMERICA,US
CBOE,CBOE OPTIONS EXCHANGE,CHICAGO,UNITED STATES OF AMERICA,US
NONE,"CESKA SPORITELNA, A.S. - SYSTEMATIC INTERNALISER",PRAGUE,CZECH REPUBLIC,CZ
NONE,CREDIT SUISSE CLOSEX,NEW YORK,UNITED STATES OF AMERICA,US
NONE,CREDIT SUISSE VWAPX,NEW YORK,UNITED STATES OF AMERICA,US
CBOE,CBOE C2 OPTIONS EXCHANGE,CHICAGO,UNITED STATES OF AMERICA,US
NONE,DEX LIMITED,ABU DHABI,UNITED ARAB EMIRATES,AE
NONE,DOWGATE EURO GOVERNMENT BONDS,MADRID,SPAIN,ES
NONE,EBS MTF – FX PRODUCTS – RFQ SEGMENT,AMSTERDAM,THE NETHERLANDS,NL
NONE,NEX SEF - RFQ - FX PRODUCTS FOR ASSET MANAGERS,LONDON,UNITED KINGDOM,GB
NONE,EUREX CLEARING AG - SME,FRANKFURT,GERMANY,DE
NONE,EURONEXT DUBLIN - TRADED BONDS,DUBLIN,IRELAND,IE
NONE,GLOBAL EXCHANGE MARKET - TRADED BONDS,DUBLIN,IRELAND,IE
NONE,EURONEXT MARKETS SINGAPORE PTE. LTD.,SINGAPORE,SINGAPORE,SG
MIAX,MIAX PEARL EQUITIES EXCHANGE DARK,PRINCETON,UNITED STATES OF AMERICA,US
MIAX,MIAX PEARL EQUITIES,PRINCETON,UNITED STATES OF AMERICA,US
NONE,EQUILEND LIMITED - SWAPS,DUBLIN,IRELAND,IE
NONE,EQUILEND EUROPE LIMITED - SWAPS,LONDON,UNITED KINGDOM,GB
NONE,FLOW TRADERS B.V. - SYSTEMATIC INTERNALISER BONDS,AMSTERDAM,THE NETHERLANDS,NL
NONE,GFI SECURITIES LLC - FENICS DELTA X,NEW YORK,UNITED STATES OF AMERICA,US
NONE,GLOMAX EXCHANGE LTD,ABU DHABI,UNITED ARAB EMIRATES,AE
NONE,BME GROWTH MARKET,MADRID,SPAIN,ES
NONE,GS PRINCIPAL LIQUIDITY ASIA,HONG KONG,HONG KONG,HK
NONE,HI-CERT - MULTILATERAL TRADING FACILITY,MILANO,ITALY,IT
NONE,HENEX FINANCIAL ENERGY MARKET - DERIVATIVES MARKET,ATHENS,GREECE,GR
NONE,HENEX ENERGY SPOT MARKET,ATHENS,GREECE,GR
NONE,NOMURA ICE  - HK,TOKYO,JAPAN,JP
NONE,NOMURA ICE  - KR,TOKYO,JAPAN,JP
NONE,NOMURA ICE  - SH,TOKYO,JAPAN,JP
NONE,NOMURA ICE  - SZ,TOKYO,JAPAN,JP
NONE,NOMURA ICE  - TW,TOKYO,JAPAN,JP
NONE,ICE FUTURES ABU DHABI,ABU DHABI,UNITED ARAB EMIRATES,AE
NONE,LOUIS CAPITAL MARKETS UK,LONDON,UNITED KINGDOM,GB
NONE,ICAP UK OTF - ORDERBOOK,LONDON,UNITED KINGDOM,GB
NONE,"JANE STREET CAPITAL, LLC",NEW YORK,UNITED STATES OF AMERICA,US
NONE,JSE REPO MARKET,JOHANNESBURG,SOUTH AFRICA,ZA
NONE,PAYWARD MENA HOLDINGS LTD.,ABU DHABI,UNITED ARAB EMIRATES,AE
NONE,LAMPOST CAPITAL,BOCA RATON,UNITED STATES OF AMERICA,US
NONE,LEDGEREDGE,LONDON,UNITED KINGDOM,GB
NONE,LIECHTENSTEINISCHE LANDESBANK (OSTERREICH) AG - SYSTEMATIC INTERNALISER,VIENNA,AUSTRIA,AT
NONE,"LONG-TERM STOCK EXCHANGE, INC.",SAN FRANCISCO,UNITED STATES OF AMERICA,US
NONE,MARKETAXESS SINGAPORE PTE LIMITED - LIVE MARKETS,SINGAPORE,SINGAPORE,SG
NONE,MATRIX EXCHANGE LIMITED,ABU DHABI,UNITED ARAB EMIRATES,AE
NONE,MAX MARKETS LIMITED,HOVE,UNITED KINGDOM,GB
NONE,MEMX LLC DARK,JERSEY CITY,UNITED STATES OF AMERICA,US
NONE,MEMX LLC,JERSEY CITY,UNITED STATES OF AMERICA,US
NONE,MARKETAXESS EUROPE LIMITED - LIVE MARKETS,LONDON,UNITED KINGDOM,GB
NONE,MARKETAXESS NL B.V. - LIVE MARKETS,AMSTERDAM,THE NETHERLANDS,NL
NONE,NATIONAL BANK FINANCIAL INC. - SYSTEMATIC INTERNALISER,LONDON,UNITED KINGDOM,GB
NONE,OTP BANK ROMANIA SA,BUCHAREST,ROMANIA,RO
NONE,PARKER POLAND SP. ZO.O.,WARSZAWA,POLAND,PL
NONE,PEPINS - MTF - HALF-YEAR,NACKA,SWEDEN,SE
NONE,PEPINS - MTF - MONTH,NACKA,SWEDEN,SE
NONE,PEPINS - MTF - QUARTER,NACKA,SWEDEN,SE
NONE,PEPINS - MTF,NACKA,SWEDEN,SE
NONE,PEPINS - MTF - YEAR,NACKA,SWEDEN,SE
NONE,PIPER SANDLER AND CO.,GREENWICH,UNITED STATES OF AMERICA,US
NONE,PIPER SANDLER AND CO. - ATS,GREENWICH,UNITED STATES OF AMERICA,US
NONE,WARSAW STOCK EXCHANGE/COMMODITIES/POLISH POWER - EXCHANGE/ORGANIZED TRADING FACILITIES,WARSAW,POLAND,PL
NONE,WARSAW STOCK EXCHANGE/COMMODITIES/POLISH POWER EXCHANGE/SPOT,WARSAW,POLAND,PL
NASDAQ,NASDAQ - ALL MARKETS,NEW YORK,UNITED STATES OF AMERICA,US
NONE,RBC CAPITAL MARKETS ARBITRAGE S.A.,NEW YORK,UNITED STATES OF AMERICA,US
NONE,EBS MTF – RESET SEGMENT,AMSTERDAM,THE NETHERLANDS,NL
NONE,REFINITIV TRANSACTION SERVICES PTE. LTD,SINGAPORE,SINGAPORE,SG
NONE,SCOTTISH STOCK EXCHANGE,EDINBURGH,UNITED KINGDOM,GB
NONE,SEB LITHUANIA - SYSTEMATIC INTERNALISER,VILNIUS,LITHUANIA,LT
NONE,SECDEX CLEARING LIMITED,VICTORIA,SEYCHELLES,SC
NONE,SECDEX DEPOSITORY LIMITED,VICTORIA,SEYCHELLES,SC
NONE,SECDEX EXCHANGE LIMITED,VICTORIA,SEYCHELLES,SC
NONE,SECDEX DIGITAL CUSTODIAN LIMITED,VICTORIA,SEYCHELLES,SC
NONE,SIGMA X MTF - NEGOTIATED TRADE,LONDON,UNITED KINGDOM,GB
NONE,SKB BANKA D.D. LJUBLJANA,LJUBLJANA,SLOVENIA,SI
NONE,SKYTRA,LONDON,UNITED KINGDOM,GB
NONE,"STIFEL, NICOLAUS AND COMPANY, INCORPORATED",NEW YORK,UNITED STATES OF AMERICA,US
NONE,SAXO BANK A/S,COPENHAGEN,DENMARK,DK
NONE,LOUIS CAPITAL MARKETS EU,PARIS,FRANCE,FR
NONE,ICE TMC,NEW YORK,UNITED STATES OF AMERICA,US
NONE,TRAIANA INC,WILMINGTON,UNITED STATES OF AMERICA,US
NONE,TP UK OTF - ORDERBOOK,LONDON,UNITED KINGDOM,GB
NONE,TP ICAP UK MTF - ORDERBOOK,LONDON,UNITED KINGDOM,GB
NONE,TP ICAP UK MTF - REGISTRATION,LONDON,UNITED KINGDOM,GB
NONE,VIRTU FINANCIAL IRELAND LIMITED (LONDON BRANCH) - SYSTEMATIC INTERNALISER,LONDON,UNITED KINGDOM,GB
NONE,POSIT UK,LONDON,UNITED KINGDOM,GB
NONE,WALL STREET ACCESS NYC - VNDM,NEW YORK,UNITED STATES OF AMERICA,US
NONE,WALL STREET ACCESS NYC,NEW YORK,UNITED STATES OF AMERICA,US
NONE,WELLS FARGO BANK NA - LONDON BRANCH - SYSTEMATIC INTERNALISER,LONDON,UNITED KINGDOM,GB
NONE,"WELLS FARGO SECURITIES EUROPE, S.A.",PARIS,FRANCE,FR
NONE,BOERSE STUTTGART - DIGITAL EXCHANGE,STUTTGART,GERMANY,DE
NONE,OSLO BORS - DERIVATIVES MARKET,OSLO,NORWAY,NO
NONE,OTP BANKA D.D.,SPLIT,CROATIA,HR
NONE,SIX SWISS EXCHANGE - ETF QOD,ZURICH,SWITZERLAND,CH
NONE,ABN AMRO CLEARING BANK - SYSTEMATIC INTERNALISER,AMSTERDAM,THE NETHERLANDS,NL
NONE,ARABIAN BOURSE LIMITED,ABU DHABI,UNITED ARAB EMIRATES,AE
NONE,AFRINEX LIMITED,CYBERCITY EBENE,MAURITIUS,MU
NONE,ARRACO IRELAND LTD,DUBLIN,IRELAND,IE
NONE,AMERICAN LEDGER ATS,MOORPARK,UNITED STATES OF AMERICA,US
NONE,AQUIS EXCHANGE EUROPE NON DISPLAY ORDER BOOK (NDOB),PARIS,FRANCE,FR
NONE,BANK OF AMERICA SECURITIES - CENTRAL RISK,HONG KONG,HONG KONG,HK
NONE,BONDBLOX EXCHANGE,SINGAPORE,SINGAPORE,SG
NONE,BARCLAYS SINGLE DEALER PLATFORM,NEW YORK,UNITED STATES OF AMERICA,US
NONE,BULGARIAN ENERGY TRADING PLATFORM,SOFIA,BULGARIA,BG
NONE,BGL BNP PARIBAS - SYSTEMATIC INTERNALISER,LUXEMBOURG,LUXEMBOURG,LU
NONE,BAYERNLB - FX DERIVATIVES MARKET,MUNICH,GERMANY,DE
NONE,BNPP CORTEX ATS,NEW YORK,UNITED STATES OF AMERICA,US
NONE,BNP PARIBAS SA LONDON BRANCH - SYSTEMATIC INTERNALISER,LONDON,UNITED KINGDOM,GB
NONE,BNP PARIBAS ALTERNATIVE TRADING SYSTEM,TOKYO,JAPAN,JP
NONE,BRED BANQUE POPULAIRE - SYSTEMATIC INTERNALISER,PARIS,FRANCE,FR
NONE,"BANCO DE SABADELL, S.A. - SYSTEMATIC INTERNALISER",SABADELL,SPAIN,ES
NONE,BNP PARIBAS SECURITIES SERVICES LONDON BRANCH - SYSTEMATIC INTERNALISER,LONDON,UNITED KINGDOM,GB
NONE,BOSTON SECURITY TOKEN EXCHANGE LLC,BOSTON,UNITED STATES OF AMERICA,US
NONE,BANCA TRANSILVANIA S.A.,CLUJ NAPOCA,ROMANIA,RO
NONE,CREDIT AGRICOLE BANK POLSKA S.A. - SYSTEMATIC INTERNALISER,WROCLAW,POLAND,PL
NONE,COMMERZBANK INTEREST RATE SWAPS - SYSTEMATIC INTERNALISER,FRANKFURT,GERMANY,DE
NONE,CARTAX,NEW YORK,UNITED STATES OF AMERICA,US
NONE,CECABANK - SYSTEMATIC INTERNALISER,MADRID,SPAIN,ES
CBOE,CBOE EUROPE DERIVATIVES,AMSTERDAM,THE NETHERLANDS,NL
NONE,CHINAFICC,LONDON,UNITED KINGDOM,GB
NONE,ONECHRONOS,NEW YORK,UNITED STATES OF AMERICA,US
NONE,CNODE,SINGAPORE,SINGAPORE,SG
NONE,LEVEL ATS - VWAP CROSS,BOSTON,UNITED STATES OF AMERICA,US
NONE,ENGNSOL - OMP,FIAC,FRANCE,FR
NONE,EQUILEND CANADA CORP.,TORONTO,CANADA,CA
NONE,EQUOS SPOT,SINGAPORE,SINGAPORE,SG
NONE,EQUOS DERIVATIVES,SINGAPORE,SINGAPORE,SG
NONE,EQUOS,SINGAPORE,SINGAPORE,SG
NONE,EQUILEND LLC,NEW YORK,UNITED STATES OF AMERICA,US
NONE,ENGNSOL,FIAC,FRANCE,FR
NONE,EVOLUTION MARKETS,LONDON,UNITED KINGDOM,GB
NONE,TURKISH MERCANTILE EXCHANGE - ELECTRONIC WAREHOUSE RECEIPT MARKET,ANKARA,TURKEY,TR
NONE,FAIRX,CHICAGO,UNITED STATES OF AMERICA,US
NONE,REFINITIV SEF REQUEST FOR STREAM,NEW YORK,UNITED STATES OF AMERICA,US
NONE,FINANCIAL AND RISK TRANSACTIONS SERVICES IRELAND LIMITED - FXALL RFS MTF,DUBLIN,IRELAND,IE
NONE,GFI SECURITIES LLC - ALL MARKETS,NEW YORK,UNITED STATES OF AMERICA,US
NONE,MTF SOFIA - GROWTH MARKET,SOFIA,BULGARIA,BG
NONE,ICAP EU - OTF - REGISTRATION,PARIS,FRANCE,FR
NONE,"IDX MARKETS, LLC",NEW YORK,UNITED STATES OF AMERICA,US
NONE,JANE STREET NETHERLANDS B.V. - SYSTEMATIC INTERNALISER,AMSTERDAM,THE NETHERLANDS,NL
NONE,KALSHIEX LLC,NEW YORK,UNITED STATES OF AMERICA,US
NONE,GFI SECURITIES LLC - CREDITMATCH (LATG),NEW YORK,UNITED STATES OF AMERICA,US
NONE,MILLENNIUM BCP-SYSTEMATIC INTERNALISER,PORTO,PORTUGAL,PT
NONE,MORGAN STANLEY BANK INTERNATIONAL LIMITED - SYSTEMATIC INTERNALISER,LONDON,UNITED KINGDOM,GB
NONE,MIDCHAINS,ABU DHABI,UNITED ARAB EMIRATES,AE
NONE,MORGAN STANLEY BANK INTERNATIONAL LIMITED,LONDON,UNITED KINGDOM,GB
NONE,MITSUBISHI DIAMOND CROSSING,TOKYO,JAPAN,JP
NONE,NATIXIS LONDON BRANCH,LONDON,UNITED KINGDOM,GB
NONE,BLUE OCEAN ALTERNATIVE TRADING SYSTEM,SEA GIRT,UNITED STATES OF AMERICA,US
NONE,OLDENBURGISCHE LANDESBANK AG FX HANDEL - SYSTEMATIC INTERNALISER,OLDENBURG,GERMANY,DE
NONE,CITI-ONE,NEW YORK,UNITED STATES OF AMERICA,US
NONE,OSL DIGITAL SECURITIES EXCHANGE,HONG KONG,HONG KONG,HK
NONE,OSL SG EXCHANGES,SINGAPORE,SINGAPORE,SG
NONE,RABOBANK INTERNATIONAL UK - SYSTEMATIC INTERNALISER,LONDON,UNITED KINGDOM,GB
NONE,RMB MORGAN STANLEY,JOHANNESBURG,SOUTH AFRICA,ZA
NONE,RMB MORGAN STANLEY - INVENTORY MANAGER,JOHANNESBURG,SOUTH AFRICA,ZA
NONE,ROUTE4GAS,AMSTERDAM NETHERLANDS,THE,NL
NONE,STIFEL EUROPE BANK AG - SYSTEMATIC INTERNALISER,FRANKFURT,GERMANY,DE
NONE,"SG AMERICAS SECURITIES, LLC - SECOND VENUE",NEW YORK,UNITED STATES OF AMERICA,US
NONE,SIGMA X EUROPE NON-DISPLAYED BOOK,PARIS,FRANCE,FR
NONE,SIGMA X EUROPE AUCTION BOOK,PARIS,FRANCE,FR
NONE,SIGMA X EUROPE NEGOTIATED TRADE,PARIS,FRANCE,FR
NONE,SCOTIABANK (IRELAND) DESIGNATED ACTIVITY COMPANY - SYSTEMATIC INTERNALISER,DUBLIN,IRELAND,IE
NONE,SIEGE FX LIMITED,LONDON,UNITED KINGDOM,GB
NONE,SPB EXCHANGE - ALL MARKETS,MOSCOW,RUSSIA,RU
NONE,PURESTREAM,NEW YORK,UNITED STATES OF AMERICA,US
NONE,BOERSE STUTTGART - REGULIERTER MARKT - TECHNICAL PLATFORM 3,STUTTGART,GERMANY,DE
NONE,BOERSE STUTTGART - FREIVERKEHR - TECHNICAL PLATFORM 3,STUTTGART,GERMANY,DE
NONE,TRADING 212 LIMITED - SYSTEMATIC INTERNALISER,SOFIA,BULGARIA,BG
NONE,WARSAW STOCK EXCHANGE/BONDS/TREASURY BOND/BONDSPOT/B2C MARKET/MTF,WARSAW,POLAND,PL
NONE,TRADITION ESPANA OTF,MADRID,SPAIN,ES
NONE,TRADING 212 MARKETS LIMITED - SYSTEMATIC INTERNALISER,LIMASSOL,CYPRUS,CY
NONE,TURKISH MERCANTILE EXCHANGE,ANKARA,TURKEY,TR
NONE,TP ICAP EU - MTF - EQUITY AND ETF,PARIS,FRANCE,FR
NONE,TULLETT PREBON EU OTF - REGISTRATION,PARIS,FRANCE,FR
NONE,"TPSEF, INC - VOICE",JERSEY CITY,UNITED STATES OF AMERICA,US
NONE,TRADING 212 UK LIMITED,LONDON,UNITED KINGDOM,GB
NONE,UNIVERSAL BARTER EXCHANGE CREDIT UNION,ATLANTA,UNITED STATES OF AMERICA,US
NONE,UNITEDBLOCKTRADE,BRADFORD,UNITED KINGDOM,GB
NONE,UNICREDIT BANK AG - LONDON BRANCH - UK SYSTEMATIC INTERNALISER,LONDON,UNITED KINGDOM,GB
NONE,BARBADOS STOCK EXCHANGE - INTERNATIONAL SECURITIES MARKET,BRIDGETOWN,BARBADOS,BB
NONE,SIX SWISS EXCHANGE - DEAL POOL - BOOK BUILDING AND ANNOUNCEMENT PLATFORM,ZURICH,SWITZERLAND,CH
NONE,WARSAW STOCK EXCHANGE/ EQUITIES/GLOBAL CONNECT - MTF,WARSAW,POLAND,PL
NONE,LIQUIDITY CUBE PTY LTD,SYDNEY,AUSTRALIA,AU
NONE,NOMISMA (LIECHTENSTEIN) AG,VADUZ,LIECHTENSTEIN,LI
NONE,BOERSE STUTTGART - TECHNICAL PLATFORM 3,STUTTGART,GERMANY,DE
NONE,XTX DIRECT,NEW YORK,UNITED STATES OF AMERICA,US
