News,MENTIONS,Company
6,MENTIONS,0001374310
6,MENTIONS,0001156375
9,MENTIONS,0001045810
21,MENTIONS,0001166691
21,MENTIONS,0000732717
29,MENTIONS,0001166691
32,MENTIONS,0000909832
32,MENTIONS,0001744489
36,MENTIONS,0001065088
39,MENTIONS,0000796343
39,MENTIONS,0000936395
39,MENTIONS,0000040545
41,MENTIONS,0001067294
41,MENTIONS,0000047217
44,MENTIONS,0000018230
49,MENTIONS,0000021344
50,MENTIONS,0000764478
52,MENTIONS,0000018230
52,MENTIONS,0001065088
53,MENTIONS,0000940944
53,MENTIONS,0000040545
53,MENTIONS,0001341439
55,MENTIONS,0000764478
55,MENTIONS,0000850209
55,MENTIONS,0000047217
58,MENTIONS,0001018840
58,MENTIONS,0000018230
58,MENTIONS,0001326380
63,MENTIONS,0000815556
63,MENTIONS,0001115055
65,MENTIONS,0001039065
67,MENTIONS,0000919012
67,MENTIONS,0000040545
67,MENTIONS,0000812011
68,MENTIONS,0001048911
68,MENTIONS,0001585364
68,MENTIONS,0000730263
73,MENTIONS,0000885725
77,MENTIONS,0000885245
78,MENTIONS,0001166691
79,MENTIONS,0000882184
79,MENTIONS,0000827052
80,MENTIONS,0001341439
81,MENTIONS,0001064728
81,MENTIONS,0000927653
83,MENTIONS,0001001250
83,MENTIONS,0001326380
85,MENTIONS,0001156375
90,MENTIONS,0000016732
95,MENTIONS,0000796343
95,MENTIONS,0000936395
95,MENTIONS,0000909832
96,MENTIONS,0001675149
96,MENTIONS,0000940944
96,MENTIONS,0001341439
99,MENTIONS,0000764478
99,MENTIONS,0000935703
100,MENTIONS,0000764065
100,MENTIONS,0001065088
101,MENTIONS,0000018230
102,MENTIONS,0001086222
102,MENTIONS,0001163165
102,MENTIONS,0000927653
104,MENTIONS,0001048911
104,MENTIONS,0001341439
105,MENTIONS,0000723531
112,MENTIONS,
112,MENTIONS,0001403568
115,MENTIONS,0000936395
115,MENTIONS,0000935703
118,MENTIONS,0000031462
118,MENTIONS,0000874766
119,MENTIONS,0001675149
119,MENTIONS,0000105132
124,MENTIONS,0000040545
124,MENTIONS,0001585364
125,MENTIONS,0001020859
129,MENTIONS,0000723531
132,MENTIONS,0000796343
133,MENTIONS,0000723125
134,MENTIONS,0000919012
134,MENTIONS,0001020859
134,MENTIONS,0000912615
135,MENTIONS,0000033185
135,MENTIONS,0000021344
136,MENTIONS,0000882184
136,MENTIONS,
138,MENTIONS,0001675149
138,MENTIONS,0000105132
139,MENTIONS,0000315189
139,MENTIONS,0000804328
142,MENTIONS,0000315189
142,MENTIONS,0001048911
142,MENTIONS,0000040704
142,MENTIONS,0001341439
145,MENTIONS,0000935703
145,MENTIONS,0001585364
146,MENTIONS,0001675149
146,MENTIONS,0001065088
146,MENTIONS,0001341439
147,MENTIONS,0000793952
147,MENTIONS,0000723531
149,MENTIONS,0000796343
149,MENTIONS,0001064728
149,MENTIONS,0001048911
149,MENTIONS,0001341439
153,MENTIONS,0001108524
174,MENTIONS,0001163165
174,MENTIONS,0000821189
186,MENTIONS,0001018724
186,MENTIONS,0000789019
189,MENTIONS,0001744489
190,MENTIONS,0001744489
191,MENTIONS,0001744489
201,MENTIONS,0000320187
204,MENTIONS,0001374310
215,MENTIONS,0001113169
217,MENTIONS,0000916365
218,MENTIONS,0000065984
231,MENTIONS,0000001750
232,MENTIONS,0001318605
260,MENTIONS,0000002488
270,MENTIONS,0000789019
271,MENTIONS,0001045810
272,MENTIONS,0000789019
273,MENTIONS,0001018724
275,MENTIONS,0001045810
278,MENTIONS,0001045810
279,MENTIONS,0000789019
282,MENTIONS,0000310158
283,MENTIONS,0000804328
293,MENTIONS,0000046195
293,MENTIONS,0000039263
294,MENTIONS,0000723125
301,MENTIONS,0000104169
302,MENTIONS,0000886982
302,MENTIONS,0001633917
303,MENTIONS,0000091576
324,MENTIONS,0001045810
324,MENTIONS,0001403161
326,MENTIONS,0001045810
329,MENTIONS,0000002488
329,MENTIONS,0000050863
334,MENTIONS,0001045810
349,MENTIONS,0000320193
349,MENTIONS,0000789019
362,MENTIONS,0000946581
371,MENTIONS,0001403161
373,MENTIONS,0001318605
376,MENTIONS,0001341439
386,MENTIONS,0000789019
386,MENTIONS,0001633917
387,MENTIONS,0000946581
390,MENTIONS,0000946581
406,MENTIONS,0000821189
410,MENTIONS,0001318605
414,MENTIONS,0001133421
420,MENTIONS,0000723125
420,MENTIONS,0001474432
425,MENTIONS,0001093557
425,MENTIONS,0001318605
426,MENTIONS,0001318605
429,MENTIONS,0000002488
433,MENTIONS,0001352010
433,MENTIONS,0001413329
434,MENTIONS,0001045810
434,MENTIONS,0001318605
440,MENTIONS,0001108524
440,MENTIONS,0000789019
444,MENTIONS,0000002488
444,MENTIONS,0001018724
444,MENTIONS,0001045810
453,MENTIONS,0001596532
457,MENTIONS,0000789019
459,MENTIONS,0000789019
469,MENTIONS,0001018724
505,MENTIONS,0001551152
530,MENTIONS,0001744489
530,MENTIONS,0000829224
544,MENTIONS,0001633917
549,MENTIONS,0000732717
549,MENTIONS,0000072971
565,MENTIONS,0001065088
576,MENTIONS,0001121788
606,MENTIONS,0000045012
615,MENTIONS,0001065088
615,MENTIONS,0001111335
656,MENTIONS,0001156375
656,MENTIONS,0001393311
674,MENTIONS,0000923796
677,MENTIONS,0000021076
677,MENTIONS,0000882095
678,MENTIONS,0000018230
678,MENTIONS,0000923796
678,MENTIONS,0000012659
681,MENTIONS,0000868857
681,MENTIONS,0000310764
735,MENTIONS,0001413329
754,MENTIONS,0001166691
754,MENTIONS,0001744489
770,MENTIONS,0000861459
770,MENTIONS,0001396009
784,MENTIONS,0001050915
786,MENTIONS,0001374310
786,MENTIONS,0001156375
818,MENTIONS,0001633917
820,MENTIONS,0000050863
838,MENTIONS,0001433270
844,MENTIONS,0000860730
849,MENTIONS,0000796343
866,MENTIONS,0001045810
867,MENTIONS,0000796343
869,MENTIONS,0000789019
870,MENTIONS,0000789019
872,MENTIONS,0001341439
879,MENTIONS,0000789019
880,MENTIONS,0001045810
880,MENTIONS,0001318605
881,MENTIONS,0001045810
889,MENTIONS,0000886982
889,MENTIONS,0000895421
895,MENTIONS,0001463101
896,MENTIONS,0000946581
906,MENTIONS,0000888491
921,MENTIONS,0000002488
935,MENTIONS,0000320193
935,MENTIONS,0001108524
935,MENTIONS,0000066740
959,MENTIONS,0000012927
960,MENTIONS,0001133421
974,MENTIONS,0001025378
980,MENTIONS,0000012927
980,MENTIONS,0001783180
980,MENTIONS,0001781335
990,MENTIONS,0001163165
991,MENTIONS,0000093410
991,MENTIONS,0000034088
1010,MENTIONS,0000802481
1018,MENTIONS,0001390777
1020,MENTIONS,0000726728
1022,MENTIONS,0000789019
1022,MENTIONS,0001045810
1024,MENTIONS,0000789019
1033,MENTIONS,0001018724
1033,MENTIONS,0000789019
1129,MENTIONS,0001539838
1131,MENTIONS,0000002488
1143,MENTIONS,0001045810
1156,MENTIONS,0000825542
1183,MENTIONS,0001156375
1189,MENTIONS,0001133421
1190,MENTIONS,0001318605
1194,MENTIONS,0000789019
1196,MENTIONS,0001045810
1198,MENTIONS,0000320187
1218,MENTIONS,0001018724
1218,MENTIONS,0000789019
1226,MENTIONS,0000789019
1237,MENTIONS,0001633917
1266,MENTIONS,0001045810
1276,MENTIONS,0001744489
1288,MENTIONS,0001093557
1288,MENTIONS,0001318605
1311,MENTIONS,0000004977
1311,MENTIONS,0000080661
1318,MENTIONS,0000007084
1339,MENTIONS,0000796343
1339,MENTIONS,0000789019
1360,MENTIONS,0001045810
1364,MENTIONS,0000002488
1366,MENTIONS,0001045810
1376,MENTIONS,0001633917
1380,MENTIONS,0001633917
1380,MENTIONS,0001318605
1383,MENTIONS,0001133421
1384,MENTIONS,0001133421
1390,MENTIONS,0000002488
1390,MENTIONS,0001069258
1390,MENTIONS,0000789019
1390,MENTIONS,0001045810
1390,MENTIONS,0001318605
1398,MENTIONS,0001108524
1399,MENTIONS,0000712515
1420,MENTIONS,0000915913
1420,MENTIONS,0000072903
1427,MENTIONS,0000093410
1434,MENTIONS,0000006951
1434,MENTIONS,0000002488
1434,MENTIONS,0000789019
1434,MENTIONS,0001097864
1434,MENTIONS,0001318605
1434,MENTIONS,0000097476
1438,MENTIONS,0000882095
1485,MENTIONS,0000320193
1495,MENTIONS,0001166691
1551,MENTIONS,0001345016
1561,MENTIONS,0001166691
1561,MENTIONS,0000732717
1574,MENTIONS,0001057706
1583,MENTIONS,0000320193
1583,MENTIONS,0000045012
1583,MENTIONS,0000021344
1583,MENTIONS,0001133421
1583,MENTIONS,0000087347
1583,MENTIONS,0001318605
1609,MENTIONS,0000320193
1609,MENTIONS,0000796343
1609,MENTIONS,0001018724
1642,MENTIONS,0001108524
1642,MENTIONS,0000789019
1642,MENTIONS,0001045810
1644,MENTIONS,0000002488
1651,MENTIONS,0000723125
1651,MENTIONS,0001045810
1655,MENTIONS,0000320193
1655,MENTIONS,0000789019
1655,MENTIONS,0001045810
1658,MENTIONS,0001045810
1659,MENTIONS,0000789019
1664,MENTIONS,0001045810
1668,MENTIONS,0001045810
1669,MENTIONS,0001018724
1669,MENTIONS,0000789019
1669,MENTIONS,0001045810
1671,MENTIONS,0000789019
1671,MENTIONS,0001045810
1676,MENTIONS,0000002488
1676,MENTIONS,0001133421
1677,MENTIONS,0000002488
1677,MENTIONS,0001596532
1677,MENTIONS,0000789019
1679,MENTIONS,0001018724
1679,MENTIONS,0000789019
1679,MENTIONS,0001045810
1687,MENTIONS,0000002488
1689,MENTIONS,0000789019
1691,MENTIONS,0000789019
1704,MENTIONS,0000315189
1704,MENTIONS,0000825542
1705,MENTIONS,0000007084
1711,MENTIONS,0000027904
1711,MENTIONS,0000100517
1722,MENTIONS,0000012927
1730,MENTIONS,0001261333
1733,MENTIONS,0000021344
1738,MENTIONS,0000789019
1738,MENTIONS,0001045810
1738,MENTIONS,0001660134
1739,MENTIONS,0000002488
1739,MENTIONS,0001108524
1741,MENTIONS,0000789019
1741,MENTIONS,0001045810
1744,MENTIONS,0000320193
1744,MENTIONS,0000789019
1746,MENTIONS,0001045810
1780,MENTIONS,0001390777
1780,MENTIONS,0000831001
1780,MENTIONS,0000072971
1787,MENTIONS,0000831001
1790,MENTIONS,0000886982
1790,MENTIONS,0000072971
1803,MENTIONS,0001324404
1803,MENTIONS,0000093410
1803,MENTIONS,0000886982
1803,MENTIONS,0000797468
1803,MENTIONS,0000034088
1806,MENTIONS,0000759944
1806,MENTIONS,0001448893
1839,MENTIONS,0001108524
1875,MENTIONS,0000726728
1878,MENTIONS,0000753308
1878,MENTIONS,0000073309
1885,MENTIONS,0001133421
1892,MENTIONS,0000100493
1912,MENTIONS,0000315293
1912,MENTIONS,0001224608
1912,MENTIONS,0000876437
1918,MENTIONS,0000796343
1918,MENTIONS,0001045810
1918,MENTIONS,0001318605
1924,MENTIONS,0000091576
1930,MENTIONS,0000036377
1935,MENTIONS,0000882095
1957,MENTIONS,0000886982
1957,MENTIONS,0000310158
1968,MENTIONS,0000006951
1968,MENTIONS,0001090012
1968,MENTIONS,0001109357
1969,MENTIONS,0000002488
1969,MENTIONS,0000050863
1987,MENTIONS,0000002488
1987,MENTIONS,0000313616
1987,MENTIONS,0000073124
1989,MENTIONS,0000899051
1989,MENTIONS,0000086312
1994,MENTIONS,0000831001
1994,MENTIONS,0000310158
1994,MENTIONS,0001004980
2023,MENTIONS,0000789019
2032,MENTIONS,0001286681
2060,MENTIONS,0000875045
2060,MENTIONS,0000310158
2062,MENTIONS,0001023024
2069,MENTIONS,0000318154
2069,MENTIONS,0000875320
2078,MENTIONS,0001633917
2085,MENTIONS,0000050863
2113,MENTIONS,0001090012
2113,MENTIONS,0000797468
2113,MENTIONS,0000034088
2115,MENTIONS,0001413329
2139,MENTIONS,0000021665
2139,MENTIONS,0000055785
2241,MENTIONS,0001064728
2241,MENTIONS,0001070412
2243,MENTIONS,0001064728
2256,MENTIONS,0000946581
2264,MENTIONS,0000923796
2279,MENTIONS,0000918646
2279,MENTIONS,0000916076
2281,MENTIONS,0001124198
2321,MENTIONS,0000075362
2328,MENTIONS,0001633917
2334,MENTIONS,0001433270
2336,MENTIONS,0001633917
2338,MENTIONS,0001744489
2338,MENTIONS,0000021344
2338,MENTIONS,0000320187
2338,MENTIONS,0000829224
2338,MENTIONS,0001318605
2338,MENTIONS,0000034088
2354,MENTIONS,0001390777
2355,MENTIONS,0000789019
2355,MENTIONS,0001633917
2359,MENTIONS,0001262039
2363,MENTIONS,0001262039
2382,MENTIONS,0001133421
2385,MENTIONS,0001133421
2389,MENTIONS,0001133421
2390,MENTIONS,0001069258
2391,MENTIONS,0001336920
2393,MENTIONS,0001133421
2395,MENTIONS,0001133421
2396,MENTIONS,0001133421
2397,MENTIONS,0001133421
2398,MENTIONS,0001133421
2400,MENTIONS,0001336920
2400,MENTIONS,0001133421
2404,MENTIONS,0001133421
2406,MENTIONS,0001133421
2408,MENTIONS,0001133421
2410,MENTIONS,0000016058
2410,MENTIONS,0001069258
2459,MENTIONS,0001130310
2483,MENTIONS,0001551152
2483,MENTIONS,0000001800
2488,MENTIONS,0000093410
2488,MENTIONS,0000732717
2493,MENTIONS,0000860730
2493,MENTIONS,0000753308
2495,MENTIONS,0000831001
2495,MENTIONS,0001413329
2495,MENTIONS,0000036104
2505,MENTIONS,0001362468
2539,MENTIONS,0001069258
2541,MENTIONS,0000012927
2559,MENTIONS,0000018230
2559,MENTIONS,0000315189
2559,MENTIONS,0000789019
2559,MENTIONS,0001318605
2562,MENTIONS,0000789019
2562,MENTIONS,0001045810
2605,MENTIONS,0000796343
2606,MENTIONS,0000793952
2621,MENTIONS,0001534504
2621,MENTIONS,0001035002
2629,MENTIONS,0000093410
2629,MENTIONS,0000045012
2630,MENTIONS,
2641,MENTIONS,0000093410
2641,MENTIONS,0000797468
2641,MENTIONS,0000034088
2656,MENTIONS,0000764478
2659,MENTIONS,
2665,MENTIONS,0000002488
2665,MENTIONS,0000050863
2665,MENTIONS,0001045810
2677,MENTIONS,0000789019
2677,MENTIONS,0001633917
2677,MENTIONS,0001318605
2685,MENTIONS,0001324404
2685,MENTIONS,0001285785
2686,MENTIONS,0001324404
2686,MENTIONS,0001285785
2729,MENTIONS,0000712515
2729,MENTIONS,0000789019
2743,MENTIONS,0001045810
2747,MENTIONS,0000034088
2760,MENTIONS,0001551152
2760,MENTIONS,0000753308
2760,MENTIONS,0000100885
2771,MENTIONS,0001289460
2778,MENTIONS,0000939767
2781,MENTIONS,0001396009
2790,MENTIONS,0000909832
2817,MENTIONS,0000027904
2822,MENTIONS,0001262039
2822,MENTIONS,0000789019
2836,MENTIONS,0001600033
2844,MENTIONS,0000320193
2844,MENTIONS,0000002488
2844,MENTIONS,0001058090
2844,MENTIONS,0000789019
2874,MENTIONS,0000067215
2899,MENTIONS,0000789019
2937,MENTIONS,0001133421
2967,MENTIONS,0000909832
2967,MENTIONS,0001069878
2967,MENTIONS,0000916365
2974,MENTIONS,0000702165
2974,MENTIONS,0000100885
2974,MENTIONS,0001090727
2988,MENTIONS,0001018724
2988,MENTIONS,0000104169
3000,MENTIONS,0000002488
3000,MENTIONS,0000789019
3004,MENTIONS,0000712515
3017,MENTIONS,0000789019
3022,MENTIONS,0000315189
3022,MENTIONS,0001090727
3032,MENTIONS,0001396009
3040,MENTIONS,0001166691
3040,MENTIONS,0001067701
3046,MENTIONS,0001633917
3061,MENTIONS,0000891103
3070,MENTIONS,0001633917
3071,MENTIONS,0001075531
3071,MENTIONS,0000040545
3071,MENTIONS,0000829224
3101,MENTIONS,0001336917
3116,MENTIONS,0001352010
3116,MENTIONS,0000789019
3116,MENTIONS,0001045810
3138,MENTIONS,0000886982
3147,MENTIONS,0001018724
3147,MENTIONS,0000789019
3157,MENTIONS,0000002488
3157,MENTIONS,0000789019
3157,MENTIONS,0001045810
3161,MENTIONS,0000035527
3161,MENTIONS,0000036270
3190,MENTIONS,0001166691
3202,MENTIONS,0000320193
3202,MENTIONS,0001018724
3202,MENTIONS,0000804328
3224,MENTIONS,0000021344
3227,MENTIONS,0000759944
3227,MENTIONS,0000091576
3266,MENTIONS,0000093410
3266,MENTIONS,
3280,MENTIONS,0000875320
3294,MENTIONS,0000850209
3306,MENTIONS,0000764065
3306,MENTIONS,0001324424
3317,MENTIONS,0000789019
3318,MENTIONS,0001163165
3318,MENTIONS,0000093410
3318,MENTIONS,0000034088
3335,MENTIONS,0000789019
3335,MENTIONS,0001045810
3350,MENTIONS,0000320193
3350,MENTIONS,0001744489
3350,MENTIONS,0000021344
3350,MENTIONS,0001318605
3365,MENTIONS,0001018724
3365,MENTIONS,0000789019
3370,MENTIONS,0000320193
3370,MENTIONS,0000093410
3372,MENTIONS,0001045810
3386,MENTIONS,0000093410
3390,MENTIONS,0000093410
3390,MENTIONS,0001539838
3390,MENTIONS,0000034088
3391,MENTIONS,0000093410
3392,MENTIONS,0000093410
3398,MENTIONS,0000797468
3450,MENTIONS,0001022079
3474,MENTIONS,0000919012
3474,MENTIONS,0001525769
3491,MENTIONS,0000320193
3491,MENTIONS,0000804328
3491,MENTIONS,0000104169
3506,MENTIONS,0000027419
3524,MENTIONS,0000946581
3525,MENTIONS,0000946581
3536,MENTIONS,0000277948
3536,MENTIONS,0000702165
3550,MENTIONS,0001018724
3551,MENTIONS,0000104169
3564,MENTIONS,0001633917
3564,MENTIONS,0001403161
3565,MENTIONS,0000002488
3581,MENTIONS,0001744489
3605,MENTIONS,
3640,MENTIONS,0000831001
3648,MENTIONS,0000946581
3651,MENTIONS,0001318605
3676,MENTIONS,0001403161
3685,MENTIONS,0001633917
3695,MENTIONS,0001045810
3723,MENTIONS,0000831001
3723,MENTIONS,0000886982
3723,MENTIONS,0000895421
3744,MENTIONS,0000895421
3763,MENTIONS,0000002488
3770,MENTIONS,0001133421
3775,MENTIONS,0000789019
3781,MENTIONS,0001413329
3808,MENTIONS,0001156375
3808,MENTIONS,0000036104
3818,MENTIONS,0001142750
3818,MENTIONS,0000927653
3820,MENTIONS,0000320187
3830,MENTIONS,0000320193
3830,MENTIONS,0000789019
3848,MENTIONS,0000036270
3848,MENTIONS,0000713676
3945,MENTIONS,0000753308
3947,MENTIONS,0000016058
3947,MENTIONS,0001069258
3947,MENTIONS,0001336920
3951,MENTIONS,0000320193
3951,MENTIONS,0000002488
3951,MENTIONS,0000050863
3951,MENTIONS,0001045810
3952,MENTIONS,0000002488
3952,MENTIONS,0001097864
4001,MENTIONS,0001166003
4021,MENTIONS,0000789019
4021,MENTIONS,0001318605
4021,MENTIONS,0000104169
4030,MENTIONS,0001261333
4053,MENTIONS,0001045810
4059,MENTIONS,0001336920
4071,MENTIONS,0001633917
4080,MENTIONS,0000022444
4085,MENTIONS,0001133421
4088,MENTIONS,0000860730
4088,MENTIONS,0000070318
4092,MENTIONS,0001018724
4092,MENTIONS,0001093557
4092,MENTIONS,0000865752
4092,MENTIONS,0001045810
4092,MENTIONS,0001318605
4099,MENTIONS,0001744489
4099,MENTIONS,0000046080
4108,MENTIONS,0001045810
4108,MENTIONS,0001318605
4122,MENTIONS,0000093410
4122,MENTIONS,0000895421
4124,MENTIONS,0001296445
4140,MENTIONS,0000320193
4140,MENTIONS,0000789019
4140,MENTIONS,0001045810
4147,MENTIONS,0001097149
4157,MENTIONS,0000831001
4158,MENTIONS,0000789019
4176,MENTIONS,0000882095
4177,MENTIONS,0001633917
4187,MENTIONS,0000093410
4201,MENTIONS,0001526520
4215,MENTIONS,0000829224
4219,MENTIONS,0001039684
4226,MENTIONS,0001571949
4235,MENTIONS,0000789019
4238,MENTIONS,0001744489
4238,MENTIONS,0001526520
4259,MENTIONS,0000732717
4265,MENTIONS,0001185348
4285,MENTIONS,0000882095
4285,MENTIONS,0000895421
4324,MENTIONS,0001018724
4324,MENTIONS,0000789019
4324,MENTIONS,0001403161
4326,MENTIONS,0001018724
4326,MENTIONS,0000789019
4368,MENTIONS,0000793952
4369,MENTIONS,0001396009
4369,MENTIONS,0000104169
4373,MENTIONS,0001022079
4377,MENTIONS,0000012927
4377,MENTIONS,0000093410
4377,MENTIONS,0000004127
4377,MENTIONS,0000034088
4381,MENTIONS,0000796343
4389,MENTIONS,0001403161
4397,MENTIONS,0001374310
4397,MENTIONS,0001045810
4398,MENTIONS,0001045810
4423,MENTIONS,0000789019
4423,MENTIONS,0001045810
4448,MENTIONS,0001633917
4459,MENTIONS,0001633917
4468,MENTIONS,0000796343
4477,MENTIONS,0000001800
4477,MENTIONS,0000021344
4477,MENTIONS,0001413329
4479,MENTIONS,0000001750
4502,MENTIONS,0001018724
4502,MENTIONS,0000050863
4502,MENTIONS,0000789019
4522,MENTIONS,0001089063
4545,MENTIONS,0000040545
4560,MENTIONS,0000796343
4560,MENTIONS,0001048911
4569,MENTIONS,0001604778
4572,MENTIONS,0001374310
4572,MENTIONS,0000876437
4582,MENTIONS,0001045810
4588,MENTIONS,0001133421
4610,MENTIONS,0001306830
4610,MENTIONS,0001637459
4611,MENTIONS,0001289419
4641,MENTIONS,0000002488
4643,MENTIONS,0001403161
4646,MENTIONS,0000789019
4647,MENTIONS,0001097864
4663,MENTIONS,0000320193
4663,MENTIONS,0000789019
4663,MENTIONS,0001045810
4670,MENTIONS,0001075531
4684,MENTIONS,0000789019
4703,MENTIONS,0001744489
4703,MENTIONS,0000021344
4722,MENTIONS,0000320187
4723,MENTIONS,0001318605
4736,MENTIONS,0000021344
4736,MENTIONS,0000829224
4741,MENTIONS,0001403161
4744,MENTIONS,0001045810
4748,MENTIONS,0000946581
4758,MENTIONS,0000006201
4789,MENTIONS,0000946581
4800,MENTIONS,0000320193
4807,MENTIONS,0000789019
4809,MENTIONS,0000002488
4809,MENTIONS,0001018724
4809,MENTIONS,0000789019
4812,MENTIONS,0000002488
4825,MENTIONS,0001156375
4849,MENTIONS,0000002488
4852,MENTIONS,0001660134
4878,MENTIONS,0000318154
4889,MENTIONS,0000753308
4893,MENTIONS,0000880266
4893,MENTIONS,0000315189
4893,MENTIONS,0000899751
4907,MENTIONS,0001164727
4951,MENTIONS,0000002488
4951,MENTIONS,0000804328
5015,MENTIONS,0000789019
5028,MENTIONS,0001053507
5039,MENTIONS,0001058090
5040,MENTIONS,0000002488
5040,MENTIONS,0001045810
5049,MENTIONS,0001018724
5049,MENTIONS,0000789019
5051,MENTIONS,0000051143
5055,MENTIONS,0000882095
5060,MENTIONS,0000712515
5077,MENTIONS,0001067294
5077,MENTIONS,0000077476
5080,MENTIONS,0000789019
5080,MENTIONS,0001045810
5085,MENTIONS,0000946581
5113,MENTIONS,0001463101
5113,MENTIONS,0000753308
5113,MENTIONS,0000072903
5122,MENTIONS,0000073309
5124,MENTIONS,0000759944
5124,MENTIONS,0001128361
5124,MENTIONS,0000801337
5132,MENTIONS,0001318605
5190,MENTIONS,0001018724
5190,MENTIONS,0000789019
5232,MENTIONS,0001163165
5232,MENTIONS,0001520006
5238,MENTIONS,0001130310
5258,MENTIONS,0001739940
5258,MENTIONS,0000049071
5266,MENTIONS,0000886982
5300,MENTIONS,0001163165
5300,MENTIONS,0000072971
5304,MENTIONS,0001018724
5304,MENTIONS,0001045810
5305,MENTIONS,0000026172
5308,MENTIONS,0000002488
5315,MENTIONS,0001564708
5325,MENTIONS,0001744489
5325,MENTIONS,0000921738
5340,MENTIONS,0000012927
5340,MENTIONS,0001133421
5344,MENTIONS,0001374310
5344,MENTIONS,0001156375
5352,MENTIONS,0000821026
5352,MENTIONS,0000835011
5433,MENTIONS,0000713676
5433,MENTIONS,0000100885
5433,MENTIONS,0000034088
5484,MENTIONS,0000066740
5499,MENTIONS,0000793733
5500,MENTIONS,0000793733
5501,MENTIONS,0000006201
5528,MENTIONS,0001579298
5528,MENTIONS,0001525769
5533,MENTIONS,0000885725
5533,MENTIONS,0001099800
5534,MENTIONS,0001099800
5535,MENTIONS,0000018230
5535,MENTIONS,0000895421
5538,MENTIONS,0000093410
5538,MENTIONS,0000021344
5549,MENTIONS,0001023024
5555,MENTIONS,0000006951
5555,MENTIONS,0001413329
5562,MENTIONS,0001633931
5562,MENTIONS,0000916076
5562,MENTIONS,0001370946
5562,MENTIONS,0001396009
5565,MENTIONS,0001403161
5565,MENTIONS,0001442145
5585,MENTIONS,0001058090
5585,MENTIONS,0001065088
5590,MENTIONS,0000918646
5590,MENTIONS,0000916076
5590,MENTIONS,0001396009
5605,MENTIONS,0001633917
5606,MENTIONS,0001045810
5606,MENTIONS,0001633917
5610,MENTIONS,0001633917
5613,MENTIONS,0001390777
5613,MENTIONS,0001633917
5620,MENTIONS,0001133421
5622,MENTIONS,0000012927
5622,MENTIONS,0001069258
5622,MENTIONS,0001133421
5623,MENTIONS,0001133421
5624,MENTIONS,0001069258
5625,MENTIONS,0001069258
5628,MENTIONS,0000927653
5629,MENTIONS,0000914475
5636,MENTIONS,0000002969
5637,MENTIONS,0000726728
5668,MENTIONS,0000093410
5668,MENTIONS,0000034088
5672,MENTIONS,0001539838
5676,MENTIONS,0000320193
5703,MENTIONS,0000796343
5703,MENTIONS,0001108524
5703,MENTIONS,0000789019
5713,MENTIONS,0000049071
5717,MENTIONS,0000887733
5721,MENTIONS,0001561894
5723,MENTIONS,0000764478
5725,MENTIONS,0001766502
5725,MENTIONS,0001633917
5728,MENTIONS,0001384101
5730,MENTIONS,0001739940
5732,MENTIONS,0001520697
5732,MENTIONS,0000860730
5732,MENTIONS,0000070318
5746,MENTIONS,0001418121
5746,MENTIONS,0001025378
5768,MENTIONS,0001064728
5788,MENTIONS,0000035527
5788,MENTIONS,0001164727
5793,MENTIONS,0000886982
5793,MENTIONS,0000091576
5793,MENTIONS,0000109380
5803,MENTIONS,0000096021
5803,MENTIONS,0000100493
5818,MENTIONS,0001093557
5821,MENTIONS,0001564708
5833,MENTIONS,0000097745
5834,MENTIONS,0000891103
5834,MENTIONS,0000320187
5837,MENTIONS,0000050863
5837,MENTIONS,0000789019
5837,MENTIONS,0001045810
5841,MENTIONS,0000040545
5843,MENTIONS,0001090012
5843,MENTIONS,0001520006
5845,MENTIONS,0000034088
5849,MENTIONS,0000034088
5853,MENTIONS,0001433270
5854,MENTIONS,0000093410
5854,MENTIONS,0000821189
5854,MENTIONS,
5890,MENTIONS,0000002488
5890,MENTIONS,0001645590
5943,MENTIONS,0000022356
5957,MENTIONS,0000050863
5963,MENTIONS,0001463101
5963,MENTIONS,0000753308
5964,MENTIONS,0000753308
5964,MENTIONS,0001296445
5979,MENTIONS,0001579298
5979,MENTIONS,0001067294
5980,MENTIONS,0000764478
5994,MENTIONS,0000009092
5999,MENTIONS,0000732717
6007,MENTIONS,0000940944
6025,MENTIONS,0001045810
6054,MENTIONS,0001374310
6058,MENTIONS,0000320193
6058,MENTIONS,0000789019
6058,MENTIONS,0001045810
6059,MENTIONS,0000026172
6059,MENTIONS,0000076334
6068,MENTIONS,0000320187
6068,MENTIONS,0001345016
6084,MENTIONS,0000822818
6084,MENTIONS,0001060391
6103,MENTIONS,0001002910
6103,MENTIONS,0001070412
6122,MENTIONS,0001070985
6122,MENTIONS,0000923796
6134,MENTIONS,0001156375
6134,MENTIONS,0001045810
6145,MENTIONS,0000008670
6145,MENTIONS,0001066605
6158,MENTIONS,0000929008
6158,MENTIONS,0000106040
6259,MENTIONS,0001636222
6266,MENTIONS,0000012927
6276,MENTIONS,0001108524
6276,MENTIONS,0000789019
6276,MENTIONS,0000320187
6288,MENTIONS,0000816761
6297,MENTIONS,0001045810
6307,MENTIONS,0001108524
6307,MENTIONS,0001262039
6307,MENTIONS,0001097864
6322,MENTIONS,0000766421
6329,MENTIONS,0001023024
6337,MENTIONS,0001108524
6337,MENTIONS,0000753308
6337,MENTIONS,0000875320
6350,MENTIONS,0001130310
6399,MENTIONS,0001111335
6406,MENTIONS,0000036966
6406,MENTIONS,
6420,MENTIONS,0000093410
6420,MENTIONS,0000077476
6420,MENTIONS,0000096021
6424,MENTIONS,0001525769
6426,MENTIONS,0001163165
6426,MENTIONS,0000821189
6432,MENTIONS,0000723125
6440,MENTIONS,0000008818
6440,MENTIONS,0001123360
6440,MENTIONS,0000049071
6443,MENTIONS,0001101302
6445,MENTIONS,0000919012
6447,MENTIONS,0000093389
6447,MENTIONS,0001116942
6459,MENTIONS,0000886982
6463,MENTIONS,0000796343
6559,MENTIONS,0001403161
6561,MENTIONS,0000040545
6563,MENTIONS,0000732717
6568,MENTIONS,0000882184
6568,MENTIONS,0000906163
6568,MENTIONS,0001067701
6582,MENTIONS,0001530950
6582,MENTIONS,0000100493
6590,MENTIONS,0001467373
6590,MENTIONS,0001045810
6590,MENTIONS,0001633917
6599,MENTIONS,
6603,MENTIONS,0001336920
6603,MENTIONS,0001014473
6615,MENTIONS,0001133421
6618,MENTIONS,0001069258
6619,MENTIONS,0000004904
6619,MENTIONS,0000100493
6628,MENTIONS,0000018230
6628,MENTIONS,0001472787
6628,MENTIONS,0000886982
6628,MENTIONS,0001126328
6643,MENTIONS,0000092122
6646,MENTIONS,0001043219
6646,MENTIONS,0000732717
6693,MENTIONS,0000093410
6693,MENTIONS,0000045012
6693,MENTIONS,0001296445
6695,MENTIONS,0001623925
6708,MENTIONS,0001108524
6723,MENTIONS,0001058090
6724,MENTIONS,0001472787
6724,MENTIONS,0001048695
6724,MENTIONS,0000097745
6737,MENTIONS,0001048477
6737,MENTIONS,0000939767
6748,MENTIONS,0001525769
6759,MENTIONS,0000875320
6762,MENTIONS,0001130310
6762,MENTIONS,0001121788
6772,MENTIONS,0000882184
6772,MENTIONS,0000021344
6772,MENTIONS,0000804328
6776,MENTIONS,0000813672
6776,MENTIONS,0000753308
6776,MENTIONS,0001318605
6776,MENTIONS,0000097476
6781,MENTIONS,0000016040
6781,MENTIONS,0000046765
6789,MENTIONS,0001744489
6791,MENTIONS,0001324424
6791,MENTIONS,0001800227
6803,MENTIONS,0000886982
6857,MENTIONS,0000050863
6857,MENTIONS,0000080661
6880,MENTIONS,0001097149
6880,MENTIONS,0000711404
6883,MENTIONS,0000886982
6885,MENTIONS,0000068505
6887,MENTIONS,0000769397
6889,MENTIONS,0001958086
6889,MENTIONS,0001005284
6906,MENTIONS,0001675149
6906,MENTIONS,0001163165
6906,MENTIONS,0001090012
6906,MENTIONS,0001285785
6912,MENTIONS,0001090012
6912,MENTIONS,0000723125
6912,MENTIONS,0000797468
6912,MENTIONS,0000027419
6912,MENTIONS,0000100493
6918,MENTIONS,0000753308
6918,MENTIONS,0001403161
6919,MENTIONS,0001611647
6926,MENTIONS,0001551152
6926,MENTIONS,0000093410
6926,MENTIONS,0000315189
6926,MENTIONS,0001569650
6935,MENTIONS,0001539838
6935,MENTIONS,0001520006
6935,MENTIONS,0000893538
6947,MENTIONS,0000006951
6947,MENTIONS,0001047127
6947,MENTIONS,0000014707
6948,MENTIONS,0001065088
6948,MENTIONS,0001633917
7008,MENTIONS,0001278027
7031,MENTIONS,0000002488
7031,MENTIONS,0000040545
7032,MENTIONS,0000049071
7039,MENTIONS,0000093410
7062,MENTIONS,0001579298
7062,MENTIONS,0000935703
7062,MENTIONS,0001403568
7068,MENTIONS,0000764478
7068,MENTIONS,0001579298
7068,MENTIONS,0001525769
7068,MENTIONS,0000901491
7069,MENTIONS,0001579298
7069,MENTIONS,0001525769
7072,MENTIONS,0000764478
7072,MENTIONS,0001579298
7072,MENTIONS,0001525769
7072,MENTIONS,0000901491
7075,MENTIONS,0001579298
7075,MENTIONS,0001089063
7075,MENTIONS,0000912615
7081,MENTIONS,0001800227
7085,MENTIONS,0001089063
7085,MENTIONS,0000871763
7091,MENTIONS,0001047862
7108,MENTIONS,0000320187
7108,MENTIONS,0001336917
7117,MENTIONS,0000820318
7120,MENTIONS,0001993004
7123,MENTIONS,0001463101
7130,MENTIONS,0001280452
7130,MENTIONS,0000097476
7130,MENTIONS,0000103730
7136,MENTIONS,0001590895
7136,MENTIONS,0000921738
7151,MENTIONS,0001575965
7151,MENTIONS,0001464423
7157,MENTIONS,0000935703
7157,MENTIONS,0000040545
7165,MENTIONS,0000007084
7165,MENTIONS,0000721371
7167,MENTIONS,0001611647
7167,MENTIONS,0001660134
7181,MENTIONS,0001029199
7213,MENTIONS,0001156375
7213,MENTIONS,0001045810
7231,MENTIONS,0001433270
7233,MENTIONS,0000732717
7247,MENTIONS,0000887596
7247,MENTIONS,0001050915
7250,MENTIONS,0000885639
7258,MENTIONS,0000831641
7262,MENTIONS,0000049071
7262,MENTIONS,0000070318
7267,MENTIONS,0000887733
7267,MENTIONS,0000737758
7287,MENTIONS,0000001800
7287,MENTIONS,0000882095
7287,MENTIONS,
7287,MENTIONS,0000104169
7289,MENTIONS,0001517175
7289,MENTIONS,0001286681
7295,MENTIONS,0000005272
7313,MENTIONS,0000789019
7313,MENTIONS,0001045810
7324,MENTIONS,0001002047
7333,MENTIONS,0001048695
7335,MENTIONS,0001596532
7337,MENTIONS,0001433270
7339,MENTIONS,0000860731
7346,MENTIONS,0001164727
7348,MENTIONS,0001048911
7348,MENTIONS,0001090727
7352,MENTIONS,0001393311
7372,MENTIONS,0001065088
7372,MENTIONS,0001633917
7388,MENTIONS,0000318154
7393,MENTIONS,0000007084
7393,MENTIONS,0000021665
7393,MENTIONS,0000040704
7393,MENTIONS,0000021344
7395,MENTIONS,0001133421
7398,MENTIONS,0000055785
7398,MENTIONS,0000066740
7398,MENTIONS,0001113169
7417,MENTIONS,0000001800
7422,MENTIONS,0000001800
7422,MENTIONS,0000066740
7435,MENTIONS,0000939767
7447,MENTIONS,0000006951
7447,MENTIONS,0000875045
7447,MENTIONS,0000077476
7447,MENTIONS,0000097476
7453,MENTIONS,0000891103
7455,MENTIONS,0000723125
7468,MENTIONS,0000040545
7468,MENTIONS,0000046080
7492,MENTIONS,0000764478
7503,MENTIONS,0001144980
7503,MENTIONS,0000944695
7520,MENTIONS,0001048911
7520,MENTIONS,0001090727
7520,MENTIONS,0001166003
7528,MENTIONS,0000936340
7528,MENTIONS,0000075677
7531,MENTIONS,0000885639
7531,MENTIONS,0000068505
7534,MENTIONS,0000827876
7534,MENTIONS,0000789019
7535,MENTIONS,0000796343
7535,MENTIONS,0001045810
7593,MENTIONS,0000723188
7593,MENTIONS,0000805676
7597,MENTIONS,0000850209
7597,MENTIONS,0000885639
7597,MENTIONS,0001336917
7601,MENTIONS,0001045810
7602,MENTIONS,0001045810
7602,MENTIONS,0001633917
7602,MENTIONS,0000875320
7603,MENTIONS,0000789019
7606,MENTIONS,0000004904
7606,MENTIONS,0001326160
7606,MENTIONS,0000753308
7612,MENTIONS,0000764478
7635,MENTIONS,0000923796
7635,MENTIONS,0000073309
7635,MENTIONS,0000109380
7637,MENTIONS,0000012927
7637,MENTIONS,0000105634
7637,MENTIONS,0001133421
7664,MENTIONS,0001108524
7664,MENTIONS,0001744489
7674,MENTIONS,0000834365
7685,MENTIONS,0001133421
7698,MENTIONS,0001099800
7703,MENTIONS,0000310158
7708,MENTIONS,0000827876
7710,MENTIONS,0000004977
7710,MENTIONS,
7710,MENTIONS,0000882835
7711,MENTIONS,0000700564
7714,MENTIONS,0000040545
7714,MENTIONS,0000732717
7723,MENTIONS,0000093410
7726,MENTIONS,0001571949
7736,MENTIONS,0001097149
7736,MENTIONS,0000019584
7745,MENTIONS,0001156375
7773,MENTIONS,0001636222
7796,MENTIONS,0000764478
7796,MENTIONS,0001575965
7796,MENTIONS,0000015615
7804,MENTIONS,0000310158
7804,MENTIONS,0001133421
7810,MENTIONS,0000789019
7810,MENTIONS,0001045810
7813,MENTIONS,0001633917
7829,MENTIONS,0000100517
7872,MENTIONS,0000789019
7874,MENTIONS,0001108524
7874,MENTIONS,0001045810
7876,MENTIONS,0000789019
7882,MENTIONS,0001133421
7899,MENTIONS,0000831001
7924,MENTIONS,0001792580
7936,MENTIONS,0000871763
7958,MENTIONS,0000320193
7958,MENTIONS,0001744489
7958,MENTIONS,0000789019
7958,MENTIONS,0001318605
7985,MENTIONS,0000093410
8019,MENTIONS,0000026172
8019,MENTIONS,0000034088
8026,MENTIONS,0000796343
8026,MENTIONS,0001108524
8026,MENTIONS,0000789019
8026,MENTIONS,0001045810
8026,MENTIONS,0001341439
8032,MENTIONS,0000040545
8046,MENTIONS,0001177609
8046,MENTIONS,0001639300
8052,MENTIONS,0001403161
8085,MENTIONS,0001463101
8087,MENTIONS,0001463101
8087,MENTIONS,0001561894
8087,MENTIONS,0001469367
8092,MENTIONS,0001064728
8099,MENTIONS,0000764478
8126,MENTIONS,0000033185
8126,MENTIONS,0000050863
8127,MENTIONS,0000033185
8128,MENTIONS,
8128,MENTIONS,0001633917
8128,MENTIONS,0001318605
8129,MENTIONS,0000320193
8132,MENTIONS,0000789019
8132,MENTIONS,0001045810
8149,MENTIONS,0001486957
8149,MENTIONS,0000202058
8152,MENTIONS,0000012927
8152,MENTIONS,0000202058
8166,MENTIONS,0001520006
8166,MENTIONS,0001035002
8235,MENTIONS,0000915913
8243,MENTIONS,0000093410
8249,MENTIONS,0001090012
8249,MENTIONS,0001463101
8249,MENTIONS,0000821189
8257,MENTIONS,0001163165
8257,MENTIONS,0000858470
8257,MENTIONS,0001090012
8257,MENTIONS,0000087347
8263,MENTIONS,0001166691
8293,MENTIONS,0001108524
8293,MENTIONS,0001045810
8293,MENTIONS,0001318605
8294,MENTIONS,0001065088
8294,MENTIONS,0001633917
8318,MENTIONS,0001296445
8323,MENTIONS,0001463101
8323,MENTIONS,0001318605
8409,MENTIONS,0001580808
8409,MENTIONS,0000050863
8441,MENTIONS,0001675149
8441,MENTIONS,0000018230
8441,MENTIONS,0001051470
8441,MENTIONS,0001350593
8441,MENTIONS,0001396009
8442,MENTIONS,0001053507
8442,MENTIONS,0000918646
8442,MENTIONS,0000073309
8445,MENTIONS,0001053507
8445,MENTIONS,0000018230
8445,MENTIONS,0000702165
8445,MENTIONS,0001396009
8478,MENTIONS,0000093410
8501,MENTIONS,0001091667
8501,MENTIONS,0001744489
8514,MENTIONS,0001326380
8529,MENTIONS,0000001800
8551,MENTIONS,0000093410
8551,MENTIONS,0000074303
8557,MENTIONS,0001163165
8557,MENTIONS,0000093410
8633,MENTIONS,0000886982
8659,MENTIONS,0000789019
8675,MENTIONS,0000919012
8675,MENTIONS,0000027419
8675,MENTIONS,0000109198
8705,MENTIONS,0000320193
8762,MENTIONS,0001413329
8799,MENTIONS,0000909832
8811,MENTIONS,0000320193
8811,MENTIONS,0001018724
8811,MENTIONS,0000789019
8841,MENTIONS,0001164727
8841,MENTIONS,0001133421
8848,MENTIONS,0000018230
8856,MENTIONS,0001463101
8856,MENTIONS,0000040545
8873,MENTIONS,0000012927
8873,MENTIONS,0000923796
8873,MENTIONS,0000034088
8895,MENTIONS,0000882095
8946,MENTIONS,0000021076
8946,MENTIONS,0000882095
8956,MENTIONS,0000320193
8956,MENTIONS,0001018724
8956,MENTIONS,0000764478
8956,MENTIONS,0001089063
8977,MENTIONS,0000093410
8998,MENTIONS,0001318605
9046,MENTIONS,0001108524
9089,MENTIONS,0001018724
9089,MENTIONS,0000789019
9092,MENTIONS,0000320193
9099,MENTIONS,0000002488
9099,MENTIONS,0001045810
9137,MENTIONS,0000037996
9137,MENTIONS,0001318605
9137,MENTIONS,0000100517
9139,MENTIONS,0001075531
9155,MENTIONS,0000936340
9155,MENTIONS,0000100493
9174,MENTIONS,0000804328
9231,MENTIONS,0001035201
9231,MENTIONS,0000066740
9240,MENTIONS,0000821026
9240,MENTIONS,0000835011
9281,MENTIONS,0001633917
9311,MENTIONS,0000766421
9355,MENTIONS,0000018230
9355,MENTIONS,0000012659
9355,MENTIONS,0000732717
9355,MENTIONS,0001396009
9376,MENTIONS,0000927628
9377,MENTIONS,0000753308
9394,MENTIONS,0000202058
9394,MENTIONS,0001133421
9409,MENTIONS,0000915913
9409,MENTIONS,0000753308
9442,MENTIONS,0000001800
9442,MENTIONS,0000007084
9442,MENTIONS,0000753308
9465,MENTIONS,0000001800
9465,MENTIONS,0000909832
9474,MENTIONS,0000074303
9474,MENTIONS,0000104169
9480,MENTIONS,0001108524
9480,MENTIONS,0001373715
9495,MENTIONS,0000006951
9495,MENTIONS,0001059556
9496,MENTIONS,0001403161
9498,MENTIONS,0000040545
9511,MENTIONS,0001043277
9520,MENTIONS,0001374310
9521,MENTIONS,0001283699
9526,MENTIONS,0001018724
9526,MENTIONS,0000789019
9532,MENTIONS,0000093410
9532,MENTIONS,0001539838
9539,MENTIONS,0001018724
9539,MENTIONS,0000789019
9544,MENTIONS,0000002488
9544,MENTIONS,0000789019
9544,MENTIONS,0001045810
9545,MENTIONS,0000002488
9545,MENTIONS,0000789019
9546,MENTIONS,0000789019
9548,MENTIONS,0001596532
9550,MENTIONS,0001018724
9550,MENTIONS,0000789019
9555,MENTIONS,0001018724
9561,MENTIONS,0000320193
9561,MENTIONS,0000789019
9586,MENTIONS,0000310158
9586,MENTIONS,0001336917
9587,MENTIONS,0001156375
9587,MENTIONS,0001045810
9590,MENTIONS,0000021344
9590,MENTIONS,0001341439
9590,MENTIONS,0001318605
9619,MENTIONS,0001070985
9619,MENTIONS,0000923796
9631,MENTIONS,0001075531
9631,MENTIONS,0000021344
9636,MENTIONS,0000007084
9636,MENTIONS,0000821026
9679,MENTIONS,0000732717
9683,MENTIONS,0000829224
9685,MENTIONS,0000764478
9685,MENTIONS,0000909832
9685,MENTIONS,0001744489
9685,MENTIONS,0000047217
9685,MENTIONS,0000021344
9685,MENTIONS,0000865752
9685,MENTIONS,0000077476
9685,MENTIONS,
9685,MENTIONS,0000104169
9687,MENTIONS,0000753308
9687,MENTIONS,0000092122
9703,MENTIONS,0001166691
9711,MENTIONS,0000006201
9724,MENTIONS,0001048911
9724,MENTIONS,0001090727
9732,MENTIONS,0001089063
9732,MENTIONS,0000310158
9732,MENTIONS,0001336917
9736,MENTIONS,0000789019
9746,MENTIONS,0000002488
9752,MENTIONS,0000831001
9769,MENTIONS,0001163165
9769,MENTIONS,0000093410
9777,MENTIONS,0001783180
9831,MENTIONS,0000866706
9878,MENTIONS,0001164727
9884,MENTIONS,0001331875
9884,MENTIONS,0000084246
9884,MENTIONS,0000086312
9941,MENTIONS,0000868857
9941,MENTIONS,0000067215
9941,MENTIONS,0000916076
9941,MENTIONS,0001396009
9944,MENTIONS,0000868857
9944,MENTIONS,0001370946
9955,MENTIONS,0000868857
10008,MENTIONS,0001018724
10008,MENTIONS,0000789019
10008,MENTIONS,0001045810
10008,MENTIONS,0001341439
10011,MENTIONS,0000796343
10011,MENTIONS,0001018724
10012,MENTIONS,0000789019
10016,MENTIONS,0000789019
10019,MENTIONS,0000789019
10022,MENTIONS,0000891103
10023,MENTIONS,0001045810
10024,MENTIONS,0001786352
10026,MENTIONS,0000789019
10026,MENTIONS,0001045810
10027,MENTIONS,0001045810
10030,MENTIONS,0000006951
10030,MENTIONS,0001341439
10030,MENTIONS,0000804328
10031,MENTIONS,0001045810
10032,MENTIONS,0000789019
10032,MENTIONS,0001526520
10036,MENTIONS,0000050863
10036,MENTIONS,0000789019
10036,MENTIONS,0001045810
10040,MENTIONS,0001018724
10040,MENTIONS,0000789019
10044,MENTIONS,0000002488
10051,MENTIONS,0000789019
10051,MENTIONS,0001341439
10052,MENTIONS,0000789019
10052,MENTIONS,0001045810
10059,MENTIONS,0000002488
10059,MENTIONS,0000789019
10059,MENTIONS,0001045810
10059,MENTIONS,0000917273
10060,MENTIONS,0000104169
10061,MENTIONS,0000320193
10072,MENTIONS,0001045810
10073,MENTIONS,0001018724
10073,MENTIONS,0000789019
10079,MENTIONS,0001045810
10083,MENTIONS,0000789019
10085,MENTIONS,0001045810
10086,MENTIONS,0000796343
10086,MENTIONS,0000789019
10091,MENTIONS,0000789019
10093,MENTIONS,0000789019
10094,MENTIONS,0000320193
10094,MENTIONS,0000789019
10095,MENTIONS,0000789019
10095,MENTIONS,0001318605
10097,MENTIONS,0000789019
10097,MENTIONS,0001318605
10098,MENTIONS,0000104169
10104,MENTIONS,0000005272
10104,MENTIONS,0001267238
10104,MENTIONS,0001400810
10104,MENTIONS,0000086312
10126,MENTIONS,0000005272
10134,MENTIONS,0001018724
10134,MENTIONS,0001108524
10135,MENTIONS,0000796343
10160,MENTIONS,0001326380
10239,MENTIONS,0000002488
10239,MENTIONS,0000050863
10239,MENTIONS,0001045810
10245,MENTIONS,0000002488
10245,MENTIONS,0000050863
10256,MENTIONS,0000002488
10269,MENTIONS,0000002488
10269,MENTIONS,0000050863
10269,MENTIONS,0001045810
10274,MENTIONS,0001037868
10274,MENTIONS,0000097210
10316,MENTIONS,0000789019
10319,MENTIONS,0000042888
10326,MENTIONS,0000104169
10327,MENTIONS,0000789019
10328,MENTIONS,0000789019
10328,MENTIONS,0001318605
10335,MENTIONS,0000001750
10335,MENTIONS,0000012927
10336,MENTIONS,0001487712
10346,MENTIONS,0000034088
10348,MENTIONS,0000034088
10349,MENTIONS,0001783180
10357,MENTIONS,0000831001
10357,MENTIONS,0000895421
10357,MENTIONS,0001113169
10358,MENTIONS,0000831001
10358,MENTIONS,0000886982
10358,MENTIONS,0000895421
10358,MENTIONS,0001113169
10364,MENTIONS,0000868857
10364,MENTIONS,0000908255
10364,MENTIONS,0001463101
10364,MENTIONS,0000066740
10364,MENTIONS,0000015615
10364,MENTIONS,0000732717
10364,MENTIONS,0000097745
10364,MENTIONS,0001111335
10364,MENTIONS,0000072971
10365,MENTIONS,0000093410
10366,MENTIONS,0000034088
10368,MENTIONS,0000012927
10369,MENTIONS,0000072971
10375,MENTIONS,0001163165
10375,MENTIONS,0000909832
10375,MENTIONS,0000093410
10375,MENTIONS,0001035002
10375,MENTIONS,0000072971
10375,MENTIONS,0000034088
10376,MENTIONS,0000034088
10378,MENTIONS,0001163165
10378,MENTIONS,0000821189
10378,MENTIONS,0001520006
10378,MENTIONS,0000797468
10384,MENTIONS,0000886982
10384,MENTIONS,0000895421
10388,MENTIONS,0000066740
10388,MENTIONS,0000093556
10391,MENTIONS,0000034088
10392,MENTIONS,0001318605
10404,MENTIONS,0000789019
10414,MENTIONS,0000885725
10414,MENTIONS,0000827052
10416,MENTIONS,0000831001
10423,MENTIONS,0001403161
10424,MENTIONS,0000310158
10433,MENTIONS,0000100517
10436,MENTIONS,0000310158
10436,MENTIONS,0000084748
10439,MENTIONS,0000001750
10439,MENTIONS,0000012927
10444,MENTIONS,0001163165
10444,MENTIONS,0000093410
10445,MENTIONS,0001374310
10445,MENTIONS,0001571949
10445,MENTIONS,0001120193
10446,MENTIONS,0001374310
10446,MENTIONS,0001571949
10446,MENTIONS,0001120193
10448,MENTIONS,0001318605
10454,MENTIONS,0000320193
10454,MENTIONS,0001318605
10460,MENTIONS,0000320193
10460,MENTIONS,0000789019
10462,MENTIONS,0001326380
10470,MENTIONS,0001390777
10470,MENTIONS,0000831001
10470,MENTIONS,0001120193
10471,MENTIONS,0000831001
10471,MENTIONS,0000895421
10472,MENTIONS,0000886982
10472,MENTIONS,0000895421
10475,MENTIONS,0000033213
10477,MENTIONS,0000093410
10477,MENTIONS,0000034088
10478,MENTIONS,0000012927
10480,MENTIONS,0000315293
10484,MENTIONS,0000040545
10484,MENTIONS,0000886982
10484,MENTIONS,0000100885
10484,MENTIONS,0000034088
10487,MENTIONS,0001326380
10491,MENTIONS,0001156375
10499,MENTIONS,0001467373
10499,MENTIONS,0001018724
10499,MENTIONS,0000851205
10499,MENTIONS,0000789019
10499,MENTIONS,0001045810
10501,MENTIONS,0001108524
10501,MENTIONS,0001403161
10502,MENTIONS,0001056288
10503,MENTIONS,0000310158
10507,MENTIONS,0001571949
10508,MENTIONS,0001781335
10509,MENTIONS,0001754301
10528,MENTIONS,0001048911
10528,MENTIONS,0000021344
10533,MENTIONS,0001744489
10533,MENTIONS,0001754301
10534,MENTIONS,0001056288
10534,MENTIONS,0001408198
10534,MENTIONS,0001318605
10535,MENTIONS,0001326380
10536,MENTIONS,0000895421
10536,MENTIONS,0001318605
10538,MENTIONS,0000915913
10539,MENTIONS,0001318605
10542,MENTIONS,0001374310
10547,MENTIONS,0000886982
10551,MENTIONS,0001163165
10552,MENTIONS,
10552,MENTIONS,0000034088
10557,MENTIONS,0000001750
10566,MENTIONS,0001326380
10568,MENTIONS,0000789019
10577,MENTIONS,0000831001
10578,MENTIONS,0000021344
10580,MENTIONS,0001124198
10581,MENTIONS,0001124198
10582,MENTIONS,0001390777
10582,MENTIONS,0000831001
10583,MENTIONS,0001018724
10583,MENTIONS,0000789019
10587,MENTIONS,0000935703
10587,MENTIONS,0000046080
10601,MENTIONS,0000895421
10602,MENTIONS,0001166691
10602,MENTIONS,0001744489
10602,MENTIONS,0001754301
10603,MENTIONS,0001166691
10603,MENTIONS,0001744489
10603,MENTIONS,0001754301
10606,MENTIONS,0001318605
10607,MENTIONS,0001341439
10613,MENTIONS,0001592386
10616,MENTIONS,0000202058
10616,MENTIONS,0001133421
10617,MENTIONS,0000034088
10619,MENTIONS,0001064728
10622,MENTIONS,0000886982
10622,MENTIONS,0000895421
10622,MENTIONS,0001626115
10623,MENTIONS,0000012927
10623,MENTIONS,0000026172
10623,MENTIONS,0000040545
10623,MENTIONS,0000066740
10633,MENTIONS,0000753308
10637,MENTIONS,0000012927
10637,MENTIONS,0001133421
10638,MENTIONS,0000831001
10638,MENTIONS,0000936528
10641,MENTIONS,0000012927
10646,MENTIONS,0001527166
10646,MENTIONS,0001113169
10647,MENTIONS,0000886982
10649,MENTIONS,0000886982
10651,MENTIONS,0001056288
10651,MENTIONS,0000077476
10653,MENTIONS,
10663,MENTIONS,0000885725
10663,MENTIONS,0001005757
10663,MENTIONS,0000077476
10663,MENTIONS,0000087347
10664,MENTIONS,0000796343
10664,MENTIONS,0001045810
10722,MENTIONS,0001318605
10748,MENTIONS,0000732717
10748,MENTIONS,0001283699
10781,MENTIONS,0001283699
10789,MENTIONS,0000732717
10808,MENTIONS,0000732717
10808,MENTIONS,0001283699
10815,MENTIONS,0000732717
10815,MENTIONS,0001283699
10849,MENTIONS,0001018724
10856,MENTIONS,0000080661
10856,MENTIONS,0000084246
10991,MENTIONS,0000001800
10991,MENTIONS,0000084748
11033,MENTIONS,0001050915
11039,MENTIONS,0000886982
11149,MENTIONS,0000810136
11218,MENTIONS,0000034088
11221,MENTIONS,0001166691
11221,MENTIONS,0001744489
11311,MENTIONS,0000796343
11389,MENTIONS,0000002488
11389,MENTIONS,0000050863
11400,MENTIONS,0000002488
11400,MENTIONS,0001045810
11442,MENTIONS,0000868857
11465,MENTIONS,0001133421
11474,MENTIONS,0001133421
11476,MENTIONS,0001133421
11478,MENTIONS,0001133421
11485,MENTIONS,0001133421
11494,MENTIONS,0001336920
11504,MENTIONS,0001004434
11529,MENTIONS,0001042046
11529,MENTIONS,0000004977
11529,MENTIONS,0000899051
11539,MENTIONS,0001744489
11551,MENTIONS,0001551152
11553,MENTIONS,0000886982
11585,MENTIONS,0000006201
11589,MENTIONS,0001403161
11606,MENTIONS,0000320193
11606,MENTIONS,0001318605
11607,MENTIONS,0000093410
11607,MENTIONS,0000034088
11655,MENTIONS,0001627223
11655,MENTIONS,0000072741
11655,MENTIONS,0000064996
11655,MENTIONS,0001049521
11655,MENTIONS,0001296445
11655,MENTIONS,0001137774
11655,MENTIONS,0000078128
11723,MENTIONS,0001048911
11735,MENTIONS,0001564708
11739,MENTIONS,0000764478
11739,MENTIONS,0000016732
11743,MENTIONS,0000899051
11745,MENTIONS,0000007084
11745,MENTIONS,0000008670
11745,MENTIONS,0000026172
11746,MENTIONS,0000726958
11749,MENTIONS,0000001750
11792,MENTIONS,0001487712
11847,MENTIONS,0000006201
11867,MENTIONS,0000012927
11875,MENTIONS,0000001750
11888,MENTIONS,0000001750
11888,MENTIONS,0000012927
11928,MENTIONS,0000001750
11937,MENTIONS,0000001750
11945,MENTIONS,0000001750
11974,MENTIONS,0000766421
11986,MENTIONS,0000793733
11990,MENTIONS,0000027904
11990,MENTIONS,0000100517
11992,MENTIONS,0000766421
11992,MENTIONS,0000100517
12008,MENTIONS,0000006201
12013,MENTIONS,0000766421
12014,MENTIONS,0000766421
12019,MENTIONS,0000006201
12019,MENTIONS,0000766421
12022,MENTIONS,0000006201
12024,MENTIONS,0000006201
12031,MENTIONS,0001362468
12031,MENTIONS,0000766421
12034,MENTIONS,0000006201
12036,MENTIONS,0000001750
12036,MENTIONS,0000093410
12036,MENTIONS,0000034088
12040,MENTIONS,0001597033
12054,MENTIONS,0001744489
12055,MENTIONS,0000006201
12055,MENTIONS,0001744489
12055,MENTIONS,0000100517
12056,MENTIONS,0000001750
12062,MENTIONS,0000006201
12063,MENTIONS,0000006201
12063,MENTIONS,0001744489
12067,MENTIONS,0000001750
12078,MENTIONS,0000882095
12079,MENTIONS,0001048911
12079,MENTIONS,0001090727
12080,MENTIONS,0001048911
12080,MENTIONS,0001090727
12081,MENTIONS,0001091667
12081,MENTIONS,0001166691
12081,MENTIONS,0000732717
12133,MENTIONS,0000766421
12135,MENTIONS,0000040211
12213,MENTIONS,0000915913
12213,MENTIONS,0001463101
12244,MENTIONS,0001675149
12244,MENTIONS,0000949157
12246,MENTIONS,0001675149
12307,MENTIONS,0001018724
12307,MENTIONS,0000789019
12308,MENTIONS,0001018724
12322,MENTIONS,0000789019
12394,MENTIONS,0001047127
12394,MENTIONS,0001336920
12404,MENTIONS,0000882095
12409,MENTIONS,0001794669
12435,MENTIONS,0001362468
12435,MENTIONS,0000040211
12435,MENTIONS,0000085961
12438,MENTIONS,0001362468
12441,MENTIONS,0001362468
12441,MENTIONS,0000793733
12523,MENTIONS,0000899051
12528,MENTIONS,0001267238
12528,MENTIONS,0000899051
12528,MENTIONS,0001400810
12535,MENTIONS,0000899051
12535,MENTIONS,0000018230
12535,MENTIONS,0000874766
12585,MENTIONS,0001018724
12585,MENTIONS,0001045810
12603,MENTIONS,0000732717
12603,MENTIONS,0001283699
12605,MENTIONS,0000732717
12614,MENTIONS,0000789019
12622,MENTIONS,0000320193
12622,MENTIONS,0000789019
12629,MENTIONS,0000789019
12631,MENTIONS,0000789019
12632,MENTIONS,0000831001
12639,MENTIONS,0000789019
12642,MENTIONS,0000789019
12651,MENTIONS,0000789019
12652,MENTIONS,0000789019
12664,MENTIONS,0001633917
12669,MENTIONS,0001013871
12674,MENTIONS,0001633917
12674,MENTIONS,0001403161
12675,MENTIONS,0001633917
12677,MENTIONS,0001463101
12687,MENTIONS,0000021344
12687,MENTIONS,0000077476
12694,MENTIONS,0000023217
12694,MENTIONS,0000063754
12695,MENTIONS,0001413329
12695,MENTIONS,0000100493
12713,MENTIONS,0001413329
12726,MENTIONS,0001042046
12726,MENTIONS,0001400810
12729,MENTIONS,0001547903
12729,MENTIONS,0001137774
12802,MENTIONS,0001018724
12813,MENTIONS,0001018724
12832,MENTIONS,0000886982
12840,MENTIONS,0001018724
12842,MENTIONS,0001018724
12870,MENTIONS,0001018724
12870,MENTIONS,0000797468
12873,MENTIONS,0000320187
12873,MENTIONS,0000077476
12875,MENTIONS,0000012927
12876,MENTIONS,0000012927
12877,MENTIONS,0001018724
12879,MENTIONS,0000050863
12895,MENTIONS,0001018724
12911,MENTIONS,0001018724
12912,MENTIONS,0001018724
12912,MENTIONS,0000789019
12914,MENTIONS,0001018724
12914,MENTIONS,0000789019
12927,MENTIONS,0000909832
12927,MENTIONS,0001590895
12927,MENTIONS,0001744489
12927,MENTIONS,0001794669
12927,MENTIONS,0001633917
12927,MENTIONS,0001403161
12927,MENTIONS,0000104169
12941,MENTIONS,0000012927
13072,MENTIONS,0000006201
13096,MENTIONS,0000006201
13097,MENTIONS,0000006201
13103,MENTIONS,0000006201
13201,MENTIONS,0001633917
13201,MENTIONS,0001403161
13203,MENTIONS,0000021344
13204,MENTIONS,0001751788
13207,MENTIONS,0001042046
13207,MENTIONS,0001267238
13207,MENTIONS,0000086312
13311,MENTIONS,0000016732
13326,MENTIONS,0000039263
13436,MENTIONS,0000318154
13453,MENTIONS,0000093410
13453,MENTIONS,0000034088
13459,MENTIONS,0001318605
13460,MENTIONS,0001318605
13464,MENTIONS,0000882095
13541,MENTIONS,0001324424
13546,MENTIONS,0000070318
13555,MENTIONS,0001133421
13563,MENTIONS,0000831001
13577,MENTIONS,0000072903
13586,MENTIONS,0001841666
13587,MENTIONS,0001163165
13611,MENTIONS,0000789019
13611,MENTIONS,0001045810
13612,MENTIONS,0000320193
13612,MENTIONS,0001045810
13624,MENTIONS,0000100885
13624,MENTIONS,0000036104
13626,MENTIONS,0000789019
13632,MENTIONS,0001633917
13638,MENTIONS,0001433270
13638,MENTIONS,0000033213
13738,MENTIONS,0000732717
13757,MENTIONS,0001283699
13775,MENTIONS,0000919012
13775,MENTIONS,0000912463
13801,MENTIONS,0000104169
13827,MENTIONS,0001433270
13838,MENTIONS,0000050863
13842,MENTIONS,
13916,MENTIONS,0001841666
14004,MENTIONS,0000104169
14015,MENTIONS,0000320193
14027,MENTIONS,0000320193
14032,MENTIONS,0001065088
14049,MENTIONS,0000002488
14049,MENTIONS,0000732717
14050,MENTIONS,0000764478
14051,MENTIONS,0000886982
14053,MENTIONS,0000732717
14061,MENTIONS,0001120193
14065,MENTIONS,0000016160
14067,MENTIONS,0001283699
14082,MENTIONS,0001433270
14089,MENTIONS,0001109354
14089,MENTIONS,0000851205
14103,MENTIONS,0000047217
14104,MENTIONS,0000050863
14105,MENTIONS,0000320193
14119,MENTIONS,0000320193
14125,MENTIONS,0000004127
14142,MENTIONS,0000320193
14145,MENTIONS,0000320193
14151,MENTIONS,0000320193
14152,MENTIONS,0000024741
14171,MENTIONS,0001065088
14171,MENTIONS,0001403161
14178,MENTIONS,0000050863
14181,MENTIONS,0000320193
14195,MENTIONS,0000320193
14195,MENTIONS,0000789019
14195,MENTIONS,0001045810
14203,MENTIONS,0000320193
14205,MENTIONS,0000320193
14205,MENTIONS,0001121788
14205,MENTIONS,0001283699
14221,MENTIONS,0000006951
14235,MENTIONS,0000004127
14236,MENTIONS,0000104169
14240,MENTIONS,0000320193
14253,MENTIONS,0001341439
14256,MENTIONS,0000012927
14256,MENTIONS,0000793952
14256,MENTIONS,0000320187
14256,MENTIONS,0001403161
14256,MENTIONS,0000034088
14257,MENTIONS,0000012927
14257,MENTIONS,0000793952
14257,MENTIONS,0000320187
14257,MENTIONS,0001403161
14257,MENTIONS,0000034088
14267,MENTIONS,0001604778
14267,MENTIONS,0000004127
14432,MENTIONS,0000947484
14434,MENTIONS,0000004127
14434,MENTIONS,0000097476
14476,MENTIONS,0001633917
14476,MENTIONS,0000829224
14476,MENTIONS,0001722684
14481,MENTIONS,0001070412
14493,MENTIONS,0000106640
14527,MENTIONS,0000072971
14562,MENTIONS,0000002488
14565,MENTIONS,0001163165
14565,MENTIONS,
14565,MENTIONS,0000087347
14579,MENTIONS,0000764478
14588,MENTIONS,0000732717
14597,MENTIONS,0000002488
14610,MENTIONS,0001109357
14610,MENTIONS,0000753308
14616,MENTIONS,0000026172
14617,MENTIONS,0001463101
14619,MENTIONS,0000002488
14619,MENTIONS,0001108524
14641,MENTIONS,0000831001
14641,MENTIONS,0000886982
14641,MENTIONS,0000895421
14644,MENTIONS,0001564708
14682,MENTIONS,0001059556
14696,MENTIONS,0000001750
14697,MENTIONS,0000001750
14747,MENTIONS,0000001750
14765,MENTIONS,0001403161
14770,MENTIONS,0001090727
14818,MENTIONS,0000789019
14818,MENTIONS,0001045810
14821,MENTIONS,0001108524
14822,MENTIONS,0000796343
14822,MENTIONS,0000789019
14822,MENTIONS,0001045810
14833,MENTIONS,0000040545
14834,MENTIONS,0001069258
14834,MENTIONS,0000864749
14843,MENTIONS,0000789019
14858,MENTIONS,0000831001
14858,MENTIONS,0000093410
14858,MENTIONS,0000886982
14858,MENTIONS,
14859,MENTIONS,0000093410
14859,MENTIONS,0000886982
14859,MENTIONS,
14865,MENTIONS,0001318605
14871,MENTIONS,0000012927
14871,MENTIONS,0000034088
14873,MENTIONS,0000764478
14873,MENTIONS,0000093410
14873,MENTIONS,0001539838
14873,MENTIONS,0001040971
14873,MENTIONS,0000034088
14875,MENTIONS,0001633917
14939,MENTIONS,0000897077
14939,MENTIONS,0000030625
14946,MENTIONS,0000012927
14947,MENTIONS,0000831001
14966,MENTIONS,0001001250
14968,MENTIONS,0000012927
14970,MENTIONS,0000072971
14981,MENTIONS,0000827876
14993,MENTIONS,0001267238
14993,MENTIONS,0000086312
15071,MENTIONS,0001045810
15084,MENTIONS,0000886982
15084,MENTIONS,0000895421
15091,MENTIONS,0001744489
15135,MENTIONS,0000023217
15135,MENTIONS,0000077476
15177,MENTIONS,0000899051
15177,MENTIONS,0000034088
15178,MENTIONS,0000789019
15182,MENTIONS,0000790051
15183,MENTIONS,0001047335
15185,MENTIONS,0001047335
15190,MENTIONS,0000006201
15195,MENTIONS,0000093410
15196,MENTIONS,0000034088
15197,MENTIONS,0001047335
15212,MENTIONS,0001442145
15224,MENTIONS,0000789019
15229,MENTIONS,0001047335
15234,MENTIONS,0000790051
15239,MENTIONS,0000001750
15243,MENTIONS,0000790051
15244,MENTIONS,0000001750
15246,MENTIONS,0000790051
15252,MENTIONS,0000034088
15253,MENTIONS,0000886982
15255,MENTIONS,0000789019
15259,MENTIONS,0001326380
15259,MENTIONS,0001633917
15322,MENTIONS,0001158449
15328,MENTIONS,0000793952
15331,MENTIONS,0001158449
15331,MENTIONS,0000075362
15357,MENTIONS,0001521332
15357,MENTIONS,0000026172
15359,MENTIONS,0001318605
15412,MENTIONS,0000769397
15430,MENTIONS,0001521332
15430,MENTIONS,0000315189
15468,MENTIONS,0001166691
15545,MENTIONS,0000008670
15578,MENTIONS,0000036104
15580,MENTIONS,0000793733
15629,MENTIONS,0000097745
15649,MENTIONS,0001142750
15649,MENTIONS,0001428336
15662,MENTIONS,0001018963
15662,MENTIONS,0000016040
15730,MENTIONS,0001127703
15751,MENTIONS,0000884614
15755,MENTIONS,0001163165
15755,MENTIONS,0001035002
15757,MENTIONS,0000045012
15758,MENTIONS,0000045012
15759,MENTIONS,0000045012
15770,MENTIONS,0001393311
15779,MENTIONS,0000893538
15782,MENTIONS,0001163165
15787,MENTIONS,0000093410
15787,MENTIONS,0001520006
15787,MENTIONS,
15792,MENTIONS,0001048911
15792,MENTIONS,0001090727
15798,MENTIONS,0001166003
15805,MENTIONS,
15812,MENTIONS,0001163165
15814,MENTIONS,0000742278
15814,MENTIONS,0001035002
15815,MENTIONS,0000046765
15820,MENTIONS,0001021860
15830,MENTIONS,0000315852
15842,MENTIONS,0000104169
15844,MENTIONS,0000886982
15852,MENTIONS,0001646972
15852,MENTIONS,0000820313
15852,MENTIONS,0001219601
15852,MENTIONS,0001525769
15852,MENTIONS,
15852,MENTIONS,0000086312
15874,MENTIONS,0001551152
15874,MENTIONS,0000875045
15874,MENTIONS,0000021665
15874,MENTIONS,0001163165
15874,MENTIONS,0000093410
15874,MENTIONS,0000920522
15874,MENTIONS,0001575965
15874,MENTIONS,0000842162
15874,MENTIONS,0000851968
15874,MENTIONS,0000943819
15874,MENTIONS,0000893538
15874,MENTIONS,0000875320
15888,MENTIONS,0001097149
15888,MENTIONS,0001841666
15888,MENTIONS,0000020212
15888,MENTIONS,0001590895
15888,MENTIONS,0001744489
15888,MENTIONS,0001326380
15888,MENTIONS,0000917520
15888,MENTIONS,0000050863
15888,MENTIONS,0001757073
15888,MENTIONS,0000946581
15890,MENTIONS,0001024305
15890,MENTIONS,0000882095
15899,MENTIONS,0000820318
15899,MENTIONS,0000797468
15899,MENTIONS,0001403161
15903,MENTIONS,0001297184
15903,MENTIONS,0000012927
15903,MENTIONS,0000712515
15903,MENTIONS,0000091440
15903,MENTIONS,0001706431
15904,MENTIONS,0000005272
15904,MENTIONS,0000002488
15904,MENTIONS,0001527166
15904,MENTIONS,0001285785
15904,MENTIONS,0001037038
15904,MENTIONS,0001665918
15920,MENTIONS,0001596532
15920,MENTIONS,0000010456
15920,MENTIONS,0000875045
15920,MENTIONS,0001324404
15920,MENTIONS,0001109357
15920,MENTIONS,0000886982
15920,MENTIONS,0000049071
15920,MENTIONS,0000058492
15920,MENTIONS,0001285785
15920,MENTIONS,0000895421
15920,MENTIONS,0000096021
15920,MENTIONS,0000877212
15923,MENTIONS,0001551152
15923,MENTIONS,0000021665
15923,MENTIONS,0000021076
15923,MENTIONS,0000093410
15923,MENTIONS,0001000228
15923,MENTIONS,0000814453
15923,MENTIONS,0000821483
15925,MENTIONS,0001024305
15925,MENTIONS,0000093410
15925,MENTIONS,0000946581
15932,MENTIONS,0000001800
15932,MENTIONS,0000004904
15932,MENTIONS,0000002488
15932,MENTIONS,0001841666
15932,MENTIONS,0001108524
15932,MENTIONS,0000093410
15932,MENTIONS,0000045012
15932,MENTIONS,0000046080
15932,MENTIONS,0000797468
15932,MENTIONS,
15932,MENTIONS,0000087347
15932,MENTIONS,0000034088
15944,MENTIONS,0000875045
15944,MENTIONS,0001120193
15944,MENTIONS,0000091440
15978,MENTIONS,0001590895
15978,MENTIONS,0001744489
15978,MENTIONS,0001326160
15978,MENTIONS,0000723125
15978,MENTIONS,0000704532
15995,MENTIONS,0000005272
15995,MENTIONS,0000002488
15995,MENTIONS,0001527166
15995,MENTIONS,0001711269
15995,MENTIONS,0000313143
15995,MENTIONS,0001285785
15995,MENTIONS,0001037038
15995,MENTIONS,0000899689
15997,MENTIONS,0001616862
15997,MENTIONS,0001783180
15997,MENTIONS,0000927628
15997,MENTIONS,0000933136
15997,MENTIONS,0000033213
15997,MENTIONS,0000916076
15997,MENTIONS,0001781335
15997,MENTIONS,0000100493
15997,MENTIONS,0001465740
15997,MENTIONS,0001336917
16007,MENTIONS,0000821026
16007,MENTIONS,0000012927
16007,MENTIONS,0000875045
16007,MENTIONS,0001739940
16007,MENTIONS,0000317540
16007,MENTIONS,0000093410
16007,MENTIONS,0001070985
16007,MENTIONS,0001463101
16007,MENTIONS,0001754301
16007,MENTIONS,0000886982
16007,MENTIONS,0000310158
16007,MENTIONS,0000895421
16007,MENTIONS,0001133421
16007,MENTIONS,0001356576
16007,MENTIONS,0000030697
16007,MENTIONS,0000034088
16007,MENTIONS,0000109380
16008,MENTIONS,0001596532
16008,MENTIONS,0001841666
16008,MENTIONS,0001324404
16008,MENTIONS,0001109357
16008,MENTIONS,0001539838
16008,MENTIONS,0001754301
16008,MENTIONS,0000882095
16008,MENTIONS,0000886982
16008,MENTIONS,0000058492
16008,MENTIONS,0000927653
16008,MENTIONS,0001285785
16008,MENTIONS,0000895421
16008,MENTIONS,0000096021
16008,MENTIONS,0000877212
16009,MENTIONS,0001596532
16009,MENTIONS,0000010456
16009,MENTIONS,0000875045
16009,MENTIONS,0001048477
16009,MENTIONS,0001324404
16009,MENTIONS,0000032604
16009,MENTIONS,0001551182
16009,MENTIONS,0001109357
16009,MENTIONS,0001408710
16009,MENTIONS,0001754301
16009,MENTIONS,0000882095
16009,MENTIONS,0000886982
16009,MENTIONS,0000049071
16009,MENTIONS,0000058492
16009,MENTIONS,0000927653
16009,MENTIONS,0001285785
16009,MENTIONS,0000895421
16009,MENTIONS,0000877212
16010,MENTIONS,0000002488
16010,MENTIONS,0000012927
16010,MENTIONS,0000875045
16010,MENTIONS,0001739940
16010,MENTIONS,0000317540
16010,MENTIONS,0000093410
16010,MENTIONS,0001070985
16010,MENTIONS,0000882184
16010,MENTIONS,0001463101
16010,MENTIONS,0001754301
16010,MENTIONS,0000923796
16010,MENTIONS,0000886982
16010,MENTIONS,0000916076
16010,MENTIONS,0001049521
16010,MENTIONS,0000036270
16010,MENTIONS,0001133421
16010,MENTIONS,0000797468
16010,MENTIONS,0000822416
16010,MENTIONS,0001137774
16010,MENTIONS,0001356576
16010,MENTIONS,0001561680
16010,MENTIONS,0001396009
16010,MENTIONS,0000030697
16010,MENTIONS,0000877212
16010,MENTIONS,0000109380
16011,MENTIONS,0000005272
16011,MENTIONS,0000882184
16011,MENTIONS,
16011,MENTIONS,0000712515
16011,MENTIONS,0000030625
16011,MENTIONS,0000822416
16011,MENTIONS,0001469367
16011,MENTIONS,0001283699
16011,MENTIONS,0000794170
16011,MENTIONS,0001561680
16021,MENTIONS,0000005272
16021,MENTIONS,0001024305
16021,MENTIONS,0000882184
16021,MENTIONS,
16021,MENTIONS,0000712515
16021,MENTIONS,0000030625
16021,MENTIONS,0000822416
16021,MENTIONS,0000794170
16057,MENTIONS,0001018724
16058,MENTIONS,0000012927
16079,MENTIONS,0000320193
16079,MENTIONS,0001744489
16086,MENTIONS,0000789019
16089,MENTIONS,0000072331
16113,MENTIONS,0001701605
16114,MENTIONS,0001701605
16114,MENTIONS,0000040545
16137,MENTIONS,0000018230
16137,MENTIONS,0000315189
16137,MENTIONS,0001024478
16165,MENTIONS,0001403161
16175,MENTIONS,0000713676
16175,MENTIONS,0000036104
16176,MENTIONS,0001123360
16176,MENTIONS,0001403161
16208,MENTIONS,0000831001
16208,MENTIONS,0000713676
16208,MENTIONS,0000072971
16212,MENTIONS,0000035527
16212,MENTIONS,0000713676
16212,MENTIONS,0000036104
16224,MENTIONS,0000831001
16224,MENTIONS,0000713676
16224,MENTIONS,0000072971
16232,MENTIONS,0000831001
16232,MENTIONS,0000886982
16232,MENTIONS,0000895421
16242,MENTIONS,0000831001
16242,MENTIONS,0000895421
16242,MENTIONS,0000072971
16257,MENTIONS,0000831001
16257,MENTIONS,0000886982
16257,MENTIONS,0000072971
16259,MENTIONS,0000831001
16259,MENTIONS,0000895421
16261,MENTIONS,0000831001
16262,MENTIONS,0000831001
16265,MENTIONS,0000831001
16268,MENTIONS,0000895421
16269,MENTIONS,0000891103
16282,MENTIONS,0000831001
16282,MENTIONS,0000886982
16288,MENTIONS,0001133421
16293,MENTIONS,0001571949
16313,MENTIONS,0000886982
16322,MENTIONS,0000789019
16322,MENTIONS,
16323,MENTIONS,0000886982
16332,MENTIONS,0000320187
16332,MENTIONS,0001336917
16349,MENTIONS,0000895421
16349,MENTIONS,0001318605
16365,MENTIONS,0001137774
16404,MENTIONS,0000831001
16404,MENTIONS,0000895421
16429,MENTIONS,0000882095
16429,MENTIONS,0001164727
16434,MENTIONS,0001744489
16440,MENTIONS,0000732717
16445,MENTIONS,0001018724
16445,MENTIONS,0001318605
16457,MENTIONS,0000010456
16457,MENTIONS,0000885725
16502,MENTIONS,0000882095
16551,MENTIONS,0000021076
16551,MENTIONS,0000789570
16562,MENTIONS,0001286681
16577,MENTIONS,0000320193
16579,MENTIONS,0000723125
16579,MENTIONS,0001045810
16584,MENTIONS,0001324404
16584,MENTIONS,0001285785
16604,MENTIONS,0000831001
16604,MENTIONS,0000895421
16617,MENTIONS,0000103730
16617,MENTIONS,0000106640
16621,MENTIONS,0001755672
16621,MENTIONS,0000927653
16658,MENTIONS,0001177609
16658,MENTIONS,0000916365
16668,MENTIONS,0001390777
16668,MENTIONS,0001504008
16668,MENTIONS,0000091576
16670,MENTIONS,0001374310
16670,MENTIONS,0001156375
16672,MENTIONS,0000320193
16676,MENTIONS,0001048911
16676,MENTIONS,0001090727
16680,MENTIONS,0000320193
16680,MENTIONS,0001318605
16682,MENTIONS,0001352010
16683,MENTIONS,0001285785
16685,MENTIONS,0001285785
16686,MENTIONS,0001285785
16724,MENTIONS,0000895421
16732,MENTIONS,0000005272
16734,MENTIONS,0000004904
16734,MENTIONS,0000799233
16735,MENTIONS,0001675149
16739,MENTIONS,0000822416
16739,MENTIONS,0001585364
16741,MENTIONS,0000726958
16742,MENTIONS,0000006281
16783,MENTIONS,0000001750
16784,MENTIONS,0000001750
16784,MENTIONS,0000012927
16796,MENTIONS,0001403161
16801,MENTIONS,0000789019
16802,MENTIONS,0000789019
16803,MENTIONS,0000789019
16803,MENTIONS,0001045810
16859,MENTIONS,0001633917
16882,MENTIONS,0001744489
16975,MENTIONS,0001163165
16975,MENTIONS,0000797468
16975,MENTIONS,0000034088
16976,MENTIONS,0000797468
16976,MENTIONS,0000034088
16977,MENTIONS,0000093410
16977,MENTIONS,0000797468
16986,MENTIONS,0001633931
16997,MENTIONS,0001633917
17038,MENTIONS,0000109380
17059,MENTIONS,0001045810
17084,MENTIONS,0000023194
17084,MENTIONS,0000033213
17084,MENTIONS,0001534504
17090,MENTIONS,0000001800
17115,MENTIONS,0000723125
17121,MENTIONS,0000753308
17131,MENTIONS,0001018724
17133,MENTIONS,0000796343
17133,MENTIONS,0000789019
17134,MENTIONS,0000789019
17138,MENTIONS,0000789019
17138,MENTIONS,0001045810
17146,MENTIONS,0001018724
17148,MENTIONS,0000320193
17151,MENTIONS,0001045810
17154,MENTIONS,0001018724
17154,MENTIONS,0000789019
17156,MENTIONS,0000320193
17156,MENTIONS,0001018724
17157,MENTIONS,0000320193
17157,MENTIONS,0000789019
17161,MENTIONS,0000789019
17163,MENTIONS,0000789019
17164,MENTIONS,0000923796
17168,MENTIONS,0001124198
17171,MENTIONS,0000320193
17171,MENTIONS,0001744489
17171,MENTIONS,0000789019
17188,MENTIONS,0000789019
17189,MENTIONS,0001413329
17212,MENTIONS,0001596532
17212,MENTIONS,0000012927
17212,MENTIONS,0000050863
17212,MENTIONS,0000732717
17212,MENTIONS,0001283699
17212,MENTIONS,
17216,MENTIONS,0001744489
17230,MENTIONS,0000723612
17270,MENTIONS,0000085961
17319,MENTIONS,0000789019
17319,MENTIONS,0001045810
17363,MENTIONS,
17363,MENTIONS,0000104169
17378,MENTIONS,0000002488
17378,MENTIONS,0001018724
17404,MENTIONS,0000320193
17404,MENTIONS,0001744489
17404,MENTIONS,0000789019
17404,MENTIONS,0001045810
17434,MENTIONS,0000320187
17467,MENTIONS,0000315189
17467,MENTIONS,0000035527
17467,MENTIONS,0000895421
17473,MENTIONS,0001633917
17473,MENTIONS,0001403161
17505,MENTIONS,0001433270
17508,MENTIONS,0001133421
17518,MENTIONS,0001469367
17520,MENTIONS,0000104169
17529,MENTIONS,0001004980
17529,MENTIONS,0000788784
17536,MENTIONS,0000001750
17537,MENTIONS,0000093410
17537,MENTIONS,0001534701
17537,MENTIONS,0001035002
17537,MENTIONS,0000034088
17540,MENTIONS,0001739445
17545,MENTIONS,0000895421
17547,MENTIONS,0001166691
17551,MENTIONS,0001469367
17553,MENTIONS,0001318605
17556,MENTIONS,0000789019
17563,MENTIONS,0001390777
17568,MENTIONS,0001744489
17568,MENTIONS,
17574,MENTIONS,0000034088
17575,MENTIONS,0000320193
17575,MENTIONS,0000723125
17575,MENTIONS,0001045810
17580,MENTIONS,0001133421
17582,MENTIONS,0000050863
17590,MENTIONS,0001783180
17590,MENTIONS,0001781335
17591,MENTIONS,0001326160
17593,MENTIONS,0000320193
17593,MENTIONS,0001318605
17598,MENTIONS,0000886982
17600,MENTIONS,0001004980
17600,MENTIONS,0000092122
17619,MENTIONS,0000831001
17619,MENTIONS,0000713676
17619,MENTIONS,0000036104
17619,MENTIONS,0000072971
17620,MENTIONS,0000895421
17635,MENTIONS,0000012927
17661,MENTIONS,0001318605
17669,MENTIONS,0000093410
17669,MENTIONS,0000034088
17670,MENTIONS,0001163165
17670,MENTIONS,0000909832
17670,MENTIONS,0000093410
17670,MENTIONS,0000797468
17671,MENTIONS,0001289419
17672,MENTIONS,0000093410
17675,MENTIONS,0000874761
17675,MENTIONS,0000093410
17675,MENTIONS,0000033213
17675,MENTIONS,
17675,MENTIONS,0001318605
17675,MENTIONS,0000034088
17676,MENTIONS,0000093410
17676,MENTIONS,0001090012
17676,MENTIONS,
17676,MENTIONS,0000034088
17696,MENTIONS,0001688568
17699,MENTIONS,0000789019
17700,MENTIONS,0001018724
17700,MENTIONS,0000937556
17700,MENTIONS,0001660134
17700,MENTIONS,0001403161
17701,MENTIONS,0001336917
17702,MENTIONS,0000915913
17702,MENTIONS,0001057352
17702,MENTIONS,0000313616
17702,MENTIONS,0001659166
17702,MENTIONS,0000860730
17702,MENTIONS,0000021344
17702,MENTIONS,0000066740
17702,MENTIONS,0000789019
17702,MENTIONS,0000097745
17702,MENTIONS,0000097476
17702,MENTIONS,0000943452
17703,MENTIONS,0001166691
17703,MENTIONS,0000829224
17703,MENTIONS,0001336917
17725,MENTIONS,
17730,MENTIONS,0000077476
17732,MENTIONS,0000033213
17734,MENTIONS,0001744489
17736,MENTIONS,0000789019
17740,MENTIONS,0001041803
17741,MENTIONS,0001385280
17742,MENTIONS,0000320193
17743,MENTIONS,0000277948
17746,MENTIONS,0001166691
17746,MENTIONS,0000732717
17751,MENTIONS,0001633917
17751,MENTIONS,0001318605
17751,MENTIONS,0001403161
17756,MENTIONS,0000789019
17773,MENTIONS,0001018724
17773,MENTIONS,0000789019
17773,MENTIONS,0001045810
17781,MENTIONS,0001551152
17789,MENTIONS,0001018724
17789,MENTIONS,0000789019
17803,MENTIONS,0001045810
17806,MENTIONS,0001754301
17807,MENTIONS,0001794669
17884,MENTIONS,0000318154
17884,MENTIONS,0000875045
17884,MENTIONS,0000108385
17942,MENTIONS,0000861884
17944,MENTIONS,0000882095
17944,MENTIONS,0000875320
17981,MENTIONS,0000882095
17981,MENTIONS,0000875320
18048,MENTIONS,0001070494
18054,MENTIONS,0001744489
18054,MENTIONS,0000886982
18076,MENTIONS,0001065088
18082,MENTIONS,0000002488
18082,MENTIONS,0001156375
18085,MENTIONS,0001318605
18085,MENTIONS,0000034088
18086,MENTIONS,0000895421
18087,MENTIONS,0001156375
18088,MENTIONS,0000021344
18089,MENTIONS,0001390777
18090,MENTIONS,0001156375
18094,MENTIONS,0001374310
18094,MENTIONS,0001156375
18099,MENTIONS,0001633917
18100,MENTIONS,0000002488
18100,MENTIONS,0001156375
18100,MENTIONS,0001633917
18101,MENTIONS,0000895421
18104,MENTIONS,0001633917
18106,MENTIONS,0000002488
18106,MENTIONS,0001374310
18106,MENTIONS,0001005284
18107,MENTIONS,0000002488
18108,MENTIONS,0001374310
18108,MENTIONS,0001156375
18110,MENTIONS,0001374310
18110,MENTIONS,0001156375
18113,MENTIONS,0001374310
18113,MENTIONS,0000886982
18114,MENTIONS,0000831001
18114,MENTIONS,0001374310
18114,MENTIONS,0001156375
18114,MENTIONS,0000886982
18116,MENTIONS,0001374310
18116,MENTIONS,0001156375
18116,MENTIONS,0000886982
18117,MENTIONS,0000002488
18117,MENTIONS,0001045810
18120,MENTIONS,
18120,MENTIONS,0000886982
18120,MENTIONS,0000895421
18121,MENTIONS,0000002488
18121,MENTIONS,0000886982
18121,MENTIONS,0000895421
18122,MENTIONS,0001374310
18122,MENTIONS,0001156375
18122,MENTIONS,0001120193
18124,MENTIONS,0001390777
18125,MENTIONS,0001633917
18126,MENTIONS,0001326380
18127,MENTIONS,0001403161
18130,MENTIONS,0001633917
18134,MENTIONS,0001403161
18135,MENTIONS,0001403161
18137,MENTIONS,0001633917
18137,MENTIONS,0001403161
18138,MENTIONS,0001156375
18142,MENTIONS,0000098677
18143,MENTIONS,0001374310
18144,MENTIONS,0001622194
18146,MENTIONS,0000827876
18147,MENTIONS,0001045810
18151,MENTIONS,0000831001
18151,MENTIONS,0000886982
18152,MENTIONS,0001633917
18157,MENTIONS,0001374310
18157,MENTIONS,0001156375
18158,MENTIONS,0000827876
18164,MENTIONS,0001064728
18173,MENTIONS,0001633917
18176,MENTIONS,0000886982
18177,MENTIONS,0001374310
18177,MENTIONS,0001156375
18180,MENTIONS,0001390777
18180,MENTIONS,0001633917
18181,MENTIONS,0001374310
18181,MENTIONS,0001156375
18183,MENTIONS,0000886982
18183,MENTIONS,0001571949
18184,MENTIONS,0001374310
18184,MENTIONS,0001156375
18184,MENTIONS,0000886982
18185,MENTIONS,0001374310
18185,MENTIONS,0001156375
18186,MENTIONS,0000827876
18187,MENTIONS,0000002488
18189,MENTIONS,0001633917
18190,MENTIONS,0001633917
18191,MENTIONS,0001045810
18192,MENTIONS,0000002488
18194,MENTIONS,0001374310
18194,MENTIONS,0001156375
18197,MENTIONS,0001374310
18198,MENTIONS,0000827876
18199,MENTIONS,0001374310
18199,MENTIONS,0001156375
18201,MENTIONS,0001374310
18201,MENTIONS,0001156375
18203,MENTIONS,0001166691
18203,MENTIONS,0000016732
18203,MENTIONS,0001468174
18203,MENTIONS,0000103379
18205,MENTIONS,0001374310
18205,MENTIONS,0001156375
18205,MENTIONS,0001120193
18206,MENTIONS,0001403161
18211,MENTIONS,0000764478
18211,MENTIONS,0001065088
18211,MENTIONS,0001324424
18213,MENTIONS,0001633917
18218,MENTIONS,0001390777
18221,MENTIONS,0001390777
18222,MENTIONS,0000002488
18222,MENTIONS,0000050863
18223,MENTIONS,0001156375
18226,MENTIONS,0000886982
18226,MENTIONS,0000077476
18230,MENTIONS,0001390777
18230,MENTIONS,0000895421
18231,MENTIONS,0000827876
18233,MENTIONS,0001383312
18234,MENTIONS,0001326380
18235,MENTIONS,0001390777
18238,MENTIONS,0000882095
18241,MENTIONS,0001633917
18243,MENTIONS,0000018230
18243,MENTIONS,0000086312
18244,MENTIONS,0001283699
18246,MENTIONS,0001403161
18247,MENTIONS,0000002488
18251,MENTIONS,0001525769
18253,MENTIONS,0001390777
18254,MENTIONS,0000087347
18255,MENTIONS,0001551182
18256,MENTIONS,0000732717
18257,MENTIONS,0000072971
18258,MENTIONS,0001156375
18258,MENTIONS,0000036104
18260,MENTIONS,0001571949
18263,MENTIONS,0001633917
18264,MENTIONS,0001318605
18265,MENTIONS,0000901491
18268,MENTIONS,0001390777
18275,MENTIONS,0000320193
18275,MENTIONS,0000885639
18275,MENTIONS,0000104169
18287,MENTIONS,0001166691
18287,MENTIONS,0001744489
18288,MENTIONS,0000789019
18295,MENTIONS,0001527166
18295,MENTIONS,0000034088
18308,MENTIONS,0000831001
18328,MENTIONS,0001113169
18336,MENTIONS,0001289419
18355,MENTIONS,0000012927
18355,MENTIONS,0000034088
18392,MENTIONS,0000886982
18407,MENTIONS,0000886982
18411,MENTIONS,0000831001
18413,MENTIONS,0000946581
18422,MENTIONS,0001156375
18428,MENTIONS,0000012927
18441,MENTIONS,0001744489
18535,MENTIONS,0000018230
18552,MENTIONS,0000012927
18555,MENTIONS,0000012927
18557,MENTIONS,0000012927
18591,MENTIONS,0000006201
18591,MENTIONS,0000012927
18593,MENTIONS,0001362468
18593,MENTIONS,0000766421
18593,MENTIONS,0000012927
18599,MENTIONS,0000012927
18635,MENTIONS,0001133421
18687,MENTIONS,0000012927
18688,MENTIONS,0000001750
18688,MENTIONS,0000012927
18754,MENTIONS,0000895421
18756,MENTIONS,0000831001
18803,MENTIONS,0001075531
18803,MENTIONS,0001526520
18808,MENTIONS,0001075531
18809,MENTIONS,0001075531
18814,MENTIONS,0001075531
18814,MENTIONS,0001324424
18819,MENTIONS,0000789019
18823,MENTIONS,0001534504
18839,MENTIONS,0001744489
18866,MENTIONS,0001794669
18920,MENTIONS,0000006201
18922,MENTIONS,0000021344
18937,MENTIONS,0001744489
18966,MENTIONS,0000764478
18989,MENTIONS,0001285785
19000,MENTIONS,0000034088
19011,MENTIONS,0000913142
19035,MENTIONS,0001754301
19051,MENTIONS,0001166691
19060,MENTIONS,0001166691
19060,MENTIONS,0001754301
19064,MENTIONS,0000077476
19079,MENTIONS,0000829224
19082,MENTIONS,0000829224
19089,MENTIONS,0000006201
19103,MENTIONS,0001374310
19104,MENTIONS,0000021665
19104,MENTIONS,0000055785
19105,MENTIONS,0000093556
19106,MENTIONS,0001043219
19106,MENTIONS,0000072971
19107,MENTIONS,0001609253
19107,MENTIONS,0000893538
19108,MENTIONS,0000886982
19109,MENTIONS,0000831001
19109,MENTIONS,0000895421
19110,MENTIONS,0000006201
19111,MENTIONS,0000886982
19112,MENTIONS,0000831001
19113,MENTIONS,0000908255
19113,MENTIONS,0001019849
19114,MENTIONS,0000831001
19114,MENTIONS,0001019849
19115,MENTIONS,0000004977
19115,MENTIONS,0001018979
19115,MENTIONS,0001137774
19115,MENTIONS,0000086312
19115,MENTIONS,0000005513
19116,MENTIONS,0001841666
19116,MENTIONS,0000024545
19117,MENTIONS,0001065088
19118,MENTIONS,0000812074
19119,MENTIONS,0000006201
19121,MENTIONS,0000277948
19122,MENTIONS,0000944695
19124,MENTIONS,0001374310
19125,MENTIONS,0000916365
19128,MENTIONS,0000766421
19129,MENTIONS,0000024545
19130,MENTIONS,0001841666
19131,MENTIONS,0000072971
19132,MENTIONS,0000036966
19133,MENTIONS,0000912242
19135,MENTIONS,0001633917
19231,MENTIONS,0000012927
19237,MENTIONS,0001374310
19237,MENTIONS,0001571949
19241,MENTIONS,0000916365
19242,MENTIONS,0000001750
19251,MENTIONS,0000001750
19262,MENTIONS,0000886982
19264,MENTIONS,0000006201
19445,MENTIONS,0000320193
19445,MENTIONS,0000797468
19473,MENTIONS,0000789019
19473,MENTIONS,0001045810
19475,MENTIONS,0001045810
19496,MENTIONS,0000813672
19496,MENTIONS,0000789019
19496,MENTIONS,0001045810
19496,MENTIONS,0001318605
19501,MENTIONS,0000034088
19517,MENTIONS,0001133421
19536,MENTIONS,0000946581
19546,MENTIONS,0001048911
19552,MENTIONS,0000085961
19556,MENTIONS,0001045810
19566,MENTIONS,0000891103
19569,MENTIONS,0000766421
19571,MENTIONS,0001571949
19572,MENTIONS,0000007084
19593,MENTIONS,0000886982
19593,MENTIONS,0001318605
19596,MENTIONS,0001318605
19606,MENTIONS,0001675149
19607,MENTIONS,0001133421
19608,MENTIONS,0001345016
19624,MENTIONS,0000080661
19624,MENTIONS,0000912615
19625,MENTIONS,0000912463
19629,MENTIONS,0000831001
19633,MENTIONS,0001097864
19633,MENTIONS,0000085961
19633,MENTIONS,0001035002
19636,MENTIONS,0001253986
19646,MENTIONS,0000899051
19679,MENTIONS,0000034088
19680,MENTIONS,0001065088
19690,MENTIONS,0000882095
19706,MENTIONS,0000882095
19724,MENTIONS,0001045810
19731,MENTIONS,0000002488
19731,MENTIONS,0000886982
19731,MENTIONS,0000895421
19735,MENTIONS,0000093410
19735,MENTIONS,0001090012
19735,MENTIONS,0001025378
19750,MENTIONS,0001156375
19754,MENTIONS,0001841666
19760,MENTIONS,0000050863
19760,MENTIONS,0000789019
19760,MENTIONS,0000723125
19760,MENTIONS,0001045810
19771,MENTIONS,0000036104
19797,MENTIONS,0001590895
19797,MENTIONS,0000789570
19805,MENTIONS,0000829224
19810,MENTIONS,0001166691
19811,MENTIONS,0000040545
19818,MENTIONS,0001318605
19829,MENTIONS,0001413329
19833,MENTIONS,0000047217
19857,MENTIONS,0001043277
19868,MENTIONS,0000789019
19868,MENTIONS,0001045810
19868,MENTIONS,0001341439
19913,MENTIONS,0000732717
19914,MENTIONS,0000091576
19919,MENTIONS,0001035443
19926,MENTIONS,0001633917
19931,MENTIONS,0001527166
19931,MENTIONS,0000766704
19932,MENTIONS,0000906553
19947,MENTIONS,0001374310
19947,MENTIONS,0001156375
19947,MENTIONS,0001120193
19964,MENTIONS,0001166691
19973,MENTIONS,0000016040
19981,MENTIONS,0000882095
20004,MENTIONS,0000093410
20004,MENTIONS,0000034088
20007,MENTIONS,0000093410
20009,MENTIONS,
20016,MENTIONS,0000004904
20016,MENTIONS,0000827052
20017,MENTIONS,0001163165
20017,MENTIONS,0000093410
20018,MENTIONS,0001163165
20018,MENTIONS,0000797468
20018,MENTIONS,
20021,MENTIONS,0001163165
20021,MENTIONS,0000797468
20052,MENTIONS,0001324404
20052,MENTIONS,0001285785
20053,MENTIONS,0001324404
20055,MENTIONS,0001324404
20085,MENTIONS,0001374310
20086,MENTIONS,0001374310
20086,MENTIONS,0001156375
20088,MENTIONS,0001156375
20088,MENTIONS,0001571949
20088,MENTIONS,0001120193
20196,MENTIONS,0000320193
20196,MENTIONS,0000789019
20199,MENTIONS,0000886982
20203,MENTIONS,0001675149
20210,MENTIONS,0000034088
20213,MENTIONS,0000093410
20224,MENTIONS,0001156375
20227,MENTIONS,0001675149
20236,MENTIONS,0000885978
20240,MENTIONS,0000093410
20240,MENTIONS,0000034088
20245,MENTIONS,0001701605
20252,MENTIONS,0000034088
20264,MENTIONS,0000021344
20271,MENTIONS,0000034088
20295,MENTIONS,0000732717
20300,MENTIONS,0000732717
20339,MENTIONS,0000277948
20339,MENTIONS,0000702165
20339,MENTIONS,0000100885
20347,MENTIONS,0000277948
20347,MENTIONS,0000100885
20366,MENTIONS,
20366,MENTIONS,0000104169
20376,MENTIONS,0000093410
20477,MENTIONS,0000764478
20492,MENTIONS,0000899051
20580,MENTIONS,0000906345
20597,MENTIONS,0000016732
20597,MENTIONS,0000040704
20603,MENTIONS,0000909832
20603,MENTIONS,0000104169
20609,MENTIONS,0000874766
20609,MENTIONS,0000086312
20624,MENTIONS,0001133421
20679,MENTIONS,0000886982
20681,MENTIONS,0000789019
20683,MENTIONS,0000320193
20683,MENTIONS,0000789019
20683,MENTIONS,0001403161
20713,MENTIONS,0000842162
20714,MENTIONS,0001766502
20718,MENTIONS,0001385280
20727,MENTIONS,0001413329
20734,MENTIONS,0000829224
20742,MENTIONS,0000001750
20743,MENTIONS,0001133421
20749,MENTIONS,0001058090
20749,MENTIONS,0000021344
20765,MENTIONS,0000935703
20769,MENTIONS,0000072741
20775,MENTIONS,0001326380
20783,MENTIONS,0001318605
20788,MENTIONS,0001163165
20788,MENTIONS,0000093410
20788,MENTIONS,0001336917
20792,MENTIONS,0001169561
20798,MENTIONS,0001111335
20802,MENTIONS,0000946581
20835,MENTIONS,0001371285
20849,MENTIONS,0001324424
20892,MENTIONS,0000789019
20892,MENTIONS,0001045810
20899,MENTIONS,0000310158
20910,MENTIONS,0000320187
20910,MENTIONS,0000104169
20914,MENTIONS,0000789019
20934,MENTIONS,0001045810
20935,MENTIONS,0001045810
20937,MENTIONS,0001045810
20989,MENTIONS,0000702165
20989,MENTIONS,0000100885
21033,MENTIONS,0001571949
21046,MENTIONS,0000320193
21046,MENTIONS,0001018724
21047,MENTIONS,0000946581
21083,MENTIONS,0000004904
21083,MENTIONS,0000715957
21083,MENTIONS,0000753308
21117,MENTIONS,0001219601
21117,MENTIONS,0001166691
21121,MENTIONS,0000831001
21121,MENTIONS,0000072971
21129,MENTIONS,0000350698
21130,MENTIONS,0001018724
21130,MENTIONS,0001013488
21162,MENTIONS,0000723125
21166,MENTIONS,0001108524
21166,MENTIONS,0000789019
21173,MENTIONS,0000712515
21173,MENTIONS,0000946581
21211,MENTIONS,0000202058
21214,MENTIONS,0000789019
21216,MENTIONS,0001164727
21218,MENTIONS,0001527166
21223,MENTIONS,0001285785
21247,MENTIONS,0000702165
21273,MENTIONS,0001701605
21273,MENTIONS,0000087347
21276,MENTIONS,0001390777
21278,MENTIONS,0000732717
21288,MENTIONS,0001120193
21292,MENTIONS,0000021665
21313,MENTIONS,0000712515
21313,MENTIONS,0000946581
21335,MENTIONS,0000320193
21336,MENTIONS,0001045810
21342,MENTIONS,0001530721
21364,MENTIONS,0001326380
21391,MENTIONS,0000007084
21392,MENTIONS,0000007084
21395,MENTIONS,0000007084
21402,MENTIONS,0000109563
21402,MENTIONS,0000790051
21438,MENTIONS,0001783180
21440,MENTIONS,0001783180
21454,MENTIONS,0000895421
21481,MENTIONS,0001495932
21489,MENTIONS,0000020212
21489,MENTIONS,0000861884
21491,MENTIONS,0000789570
21497,MENTIONS,0000789570
21499,MENTIONS,0000789570
21504,MENTIONS,0000789570
21507,MENTIONS,0000789570
21532,MENTIONS,0000086312
21536,MENTIONS,0001596532
21536,MENTIONS,0000789019
21536,MENTIONS,0001373715
21536,MENTIONS,0001045810
21541,MENTIONS,0000018230
21541,MENTIONS,0000315189
21551,MENTIONS,0000006845
21551,MENTIONS,0000315189
21556,MENTIONS,0000018230
21583,MENTIONS,0000018230
21586,MENTIONS,0000018230
21605,MENTIONS,0001318605
21606,MENTIONS,0001045810
21606,MENTIONS,0001318605
21608,MENTIONS,0000789019
21614,MENTIONS,0000789019
21614,MENTIONS,0001318605
21616,MENTIONS,0000320193
21616,MENTIONS,0001108524
21616,MENTIONS,0001045810
21666,MENTIONS,0000002969
21666,MENTIONS,0001306830
21666,MENTIONS,0000915389
21728,MENTIONS,0001413329
21786,MENTIONS,0000023217
21837,MENTIONS,0000875320
21840,MENTIONS,0000732717
21840,MENTIONS,0001283699
21845,MENTIONS,0001050915
21845,MENTIONS,0001318605
21851,MENTIONS,0000875045
21872,MENTIONS,0000002488
21872,MENTIONS,0001156375
21872,MENTIONS,0000789019
21872,MENTIONS,0001318605
21894,MENTIONS,0000789019
21895,MENTIONS,0000320193
21895,MENTIONS,0001324424
21895,MENTIONS,0000789019
21896,MENTIONS,0000320193
21896,MENTIONS,0001018724
21896,MENTIONS,0000789019
21898,MENTIONS,0000789019
21899,MENTIONS,0000789019
21900,MENTIONS,0001108524
21900,MENTIONS,0000895421
21900,MENTIONS,0000789019
21901,MENTIONS,0000320193
21903,MENTIONS,0000050863
21903,MENTIONS,0000789019
21903,MENTIONS,0000723125
21903,MENTIONS,0001045810
21905,MENTIONS,0000789019
21905,MENTIONS,0001045810
21907,MENTIONS,0001108524
21907,MENTIONS,0000789019
21907,MENTIONS,0001045810
21908,MENTIONS,0001467373
21908,MENTIONS,0000789019
21922,MENTIONS,
21980,MENTIONS,0000887596
21983,MENTIONS,0001517175
22058,MENTIONS,0000033213
22059,MENTIONS,0001035002
22089,MENTIONS,0000093410
22089,MENTIONS,0001520006
22089,MENTIONS,0002074176
22091,MENTIONS,0000093410
22091,MENTIONS,0001539838
22091,MENTIONS,0001520006
22091,MENTIONS,
22108,MENTIONS,0001520006
22108,MENTIONS,0000073756
22130,MENTIONS,0000093410
22141,MENTIONS,0000093410
22142,MENTIONS,0000093410
22148,MENTIONS,0000093410
22174,MENTIONS,0000093410
22186,MENTIONS,0000093410
22187,MENTIONS,0000093410
22195,MENTIONS,0000093410
22196,MENTIONS,0000093410
22197,MENTIONS,0000093410
22218,MENTIONS,0000093410
22218,MENTIONS,0001090012
22218,MENTIONS,0001539838
22218,MENTIONS,0000034088
22255,MENTIONS,0000015615
22287,MENTIONS,0000320193
22291,MENTIONS,0001318605
22304,MENTIONS,0000882095
22306,MENTIONS,0001374310
22315,MENTIONS,0001571949
22329,MENTIONS,0000320193
22329,MENTIONS,0000829224
22330,MENTIONS,0000006201
22336,MENTIONS,0000895421
22339,MENTIONS,0000789019
22340,MENTIONS,0001530721
22340,MENTIONS,0000040545
22340,MENTIONS,0000066740
22349,MENTIONS,0000310158
22350,MENTIONS,0000320193
22357,MENTIONS,0000320193
22359,MENTIONS,0000886982
22365,MENTIONS,0000946581
22375,MENTIONS,0000789019
22380,MENTIONS,0000789019
22381,MENTIONS,0000789019
22383,MENTIONS,0000789019
22407,MENTIONS,0000001750
22425,MENTIONS,0000804328
22433,MENTIONS,0000789019
22433,MENTIONS,0001045810
22445,MENTIONS,0000829224
22449,MENTIONS,0001318605
22457,MENTIONS,0000002488
22457,MENTIONS,0000723125
22457,MENTIONS,0001045810
22465,MENTIONS,0000050863
22465,MENTIONS,0000723125
22465,MENTIONS,0001045810
22465,MENTIONS,0000804328
22474,MENTIONS,0000723125
22477,MENTIONS,0000006281
22480,MENTIONS,0000050863
22480,MENTIONS,0000723125
22480,MENTIONS,0001045810
22480,MENTIONS,0000097476
22517,MENTIONS,0001058090
22529,MENTIONS,0001058090
22587,MENTIONS,0001046311
22587,MENTIONS,0001468174
22590,MENTIONS,0000002488
22590,MENTIONS,0000018230
22590,MENTIONS,0000202058
22590,MENTIONS,0001133421
22590,MENTIONS,0001318605
22600,MENTIONS,0001400810
22600,MENTIONS,0000086312
22615,MENTIONS,0000086312
22617,MENTIONS,0001267238
22617,MENTIONS,0001400810
22618,MENTIONS,0000080661
22618,MENTIONS,0000084246
22618,MENTIONS,0000086312
22692,MENTIONS,0000020286
22692,MENTIONS,0001137774
22736,MENTIONS,0000827876
22764,MENTIONS,0001262039
22771,MENTIONS,0000050863
22778,MENTIONS,0000831001
22786,MENTIONS,0000886982
22788,MENTIONS,0000831001
22789,MENTIONS,0000831001
22799,MENTIONS,0000831001
22801,MENTIONS,0001390777
22801,MENTIONS,0000831001
22801,MENTIONS,0000895421
22812,MENTIONS,0000831001
22812,MENTIONS,0000811589
22812,MENTIONS,0000037808
22817,MENTIONS,0000831001
22817,MENTIONS,0000886982
22818,MENTIONS,0000831001
22821,MENTIONS,0000831001
22823,MENTIONS,0000831001
22823,MENTIONS,0000072971
22852,MENTIONS,0000831001
22853,MENTIONS,0000831001
22855,MENTIONS,0000886982
22856,MENTIONS,0000831001
22857,MENTIONS,0001352010
22857,MENTIONS,0000077476
22860,MENTIONS,0000072971
22862,MENTIONS,0000831001
22863,MENTIONS,0000831001
22867,MENTIONS,0000831001
22867,MENTIONS,0000886982
22870,MENTIONS,0000831001
22873,MENTIONS,0000831001
22873,MENTIONS,0000072971
22874,MENTIONS,0000831001
22944,MENTIONS,0000827876
22967,MENTIONS,0000764065
22984,MENTIONS,0000764065
22991,MENTIONS,0001163165
22991,MENTIONS,0001090012
22998,MENTIONS,0000034088
23006,MENTIONS,0000789019
23006,MENTIONS,0000797468
23008,MENTIONS,0000097745
23040,MENTIONS,0000002488
23040,MENTIONS,0000018230
23040,MENTIONS,0000050863
23048,MENTIONS,0000821002
23051,MENTIONS,0000879169
23055,MENTIONS,0000002488
23055,MENTIONS,0000804328
23062,MENTIONS,0000882095
23096,MENTIONS,0001070494
23097,MENTIONS,0000310158
23099,MENTIONS,0000310158
23100,MENTIONS,0000876167
23100,MENTIONS,0001403161
23101,MENTIONS,0001341439
23102,MENTIONS,0000886982
23110,MENTIONS,0000875045
23127,MENTIONS,0000793952
23128,MENTIONS,0001283699
23132,MENTIONS,0000018230
23133,MENTIONS,0001001316
23149,MENTIONS,0000912615
23159,MENTIONS,0000886982
23162,MENTIONS,0000886982
23166,MENTIONS,
23166,MENTIONS,0001283699
23166,MENTIONS,0001082554
23167,MENTIONS,0000886982
23168,MENTIONS,0000793952
23168,MENTIONS,0000066740
23172,MENTIONS,0000093410
23172,MENTIONS,0000886982
23192,MENTIONS,0000935703
23198,MENTIONS,0001551152
23219,MENTIONS,0001045810
23223,MENTIONS,0001029142
23230,MENTIONS,0001551306
23246,MENTIONS,0001064728
23253,MENTIONS,0001064728
23254,MENTIONS,0001064728
23256,MENTIONS,0001064728
23257,MENTIONS,0001070412
23270,MENTIONS,0001070412
23270,MENTIONS,0001315257
23354,MENTIONS,0000021344
23364,MENTIONS,0000021344
23364,MENTIONS,0000829224
23369,MENTIONS,0001551182
23440,MENTIONS,0000320187
23452,MENTIONS,0001633917
23454,MENTIONS,0001633917
23464,MENTIONS,0000829224
23490,MENTIONS,0000021665
23555,MENTIONS,0001166691
23558,MENTIONS,0001166691
23622,MENTIONS,0001166691
23622,MENTIONS,0001744489
23622,MENTIONS,0000732717
23629,MENTIONS,0001166691
23648,MENTIONS,0001166691
23668,MENTIONS,0001166691
23668,MENTIONS,0001324424
23671,MENTIONS,0001166691
23676,MENTIONS,0000726958
23683,MENTIONS,0001564708
23708,MENTIONS,0001163165
23710,MENTIONS,0000797468
23712,MENTIONS,0000007084
23713,MENTIONS,0001064728
23713,MENTIONS,0001571949
23714,MENTIONS,0001413329
23715,MENTIONS,0000007084
23722,MENTIONS,0000039263
23743,MENTIONS,0000004977
23743,MENTIONS,0000318154
23746,MENTIONS,0000317540
23749,MENTIONS,0000104169
23750,MENTIONS,0001048911
23750,MENTIONS,0000021344
23750,MENTIONS,0001090727
23751,MENTIONS,0000021344
23771,MENTIONS,0000320193
23771,MENTIONS,0000874761
23771,MENTIONS,0001045609
23773,MENTIONS,0000002488
23774,MENTIONS,0000832988
23774,MENTIONS,0000732717
23775,MENTIONS,0000310764
23782,MENTIONS,0001286681
23782,MENTIONS,0001048911
23785,MENTIONS,0001318605
23785,MENTIONS,0000072971
23786,MENTIONS,0000002488
23786,MENTIONS,0000050863
23786,MENTIONS,0001045810
23786,MENTIONS,0001403161
23800,MENTIONS,0000712515
23802,MENTIONS,0001739940
23805,MENTIONS,0000320193
23805,MENTIONS,0000721371
23815,MENTIONS,0001326380
23817,MENTIONS,0001341439
23817,MENTIONS,0000946581
23898,MENTIONS,0001133421
23910,MENTIONS,0001166691
23910,MENTIONS,0001744489
23924,MENTIONS,0000023217
23947,MENTIONS,0000023217
23960,MENTIONS,0000918646
23960,MENTIONS,0001396009
23980,MENTIONS,0000927628
23980,MENTIONS,
23980,MENTIONS,0000713676
23980,MENTIONS,0000072971
23985,MENTIONS,0000789019
23985,MENTIONS,0001045810
23985,MENTIONS,0001318605
23989,MENTIONS,0000732717
23989,MENTIONS,0001283699
24019,MENTIONS,0001163165
24029,MENTIONS,0001163165
24029,MENTIONS,0000315852
24036,MENTIONS,0001163165
24040,MENTIONS,0001163165
24043,MENTIONS,0001163165
24049,MENTIONS,0001048911
24085,MENTIONS,0000315189
24085,MENTIONS,0000882184
24085,MENTIONS,0000815556
24108,MENTIONS,0000006201
24108,MENTIONS,0001385280
24108,MENTIONS,0000909832
24118,MENTIONS,0000104169
24121,MENTIONS,0001744489
24121,MENTIONS,0000104169
24128,MENTIONS,0001060822
24130,MENTIONS,0001089063
24131,MENTIONS,0001089063
24131,MENTIONS,0000089800
24172,MENTIONS,0001075531
24172,MENTIONS,0000037996
24179,MENTIONS,0001744489
24201,MENTIONS,0000077476
24223,MENTIONS,0001513761
24253,MENTIONS,0000023217
24253,MENTIONS,0000040704
24253,MENTIONS,0001637459
24278,MENTIONS,0001018724
24278,MENTIONS,0000789019
24282,MENTIONS,0000794170
24295,MENTIONS,0000040545
24317,MENTIONS,0000024545
24334,MENTIONS,0001144980
24334,MENTIONS,0000900075
24338,MENTIONS,0000900075
24339,MENTIONS,0000900075
24340,MENTIONS,0000900075
24404,MENTIONS,0001163165
24458,MENTIONS,0000277948
24458,MENTIONS,0000100885
24459,MENTIONS,0000016732
24461,MENTIONS,0000072971
24462,MENTIONS,0000021076
24462,MENTIONS,0000016732
24463,MENTIONS,0000104169
24464,MENTIONS,0001722684
24465,MENTIONS,0000040545
24466,MENTIONS,0000921738
24467,MENTIONS,0000882095
24468,MENTIONS,0001326380
24468,MENTIONS,0000104169
24469,MENTIONS,0000021076
24470,MENTIONS,0001075531
24470,MENTIONS,0001289460
24471,MENTIONS,0000882095
24473,MENTIONS,0000093410
24473,MENTIONS,0000034088
24474,MENTIONS,0001760965
24474,MENTIONS,0000103379
24475,MENTIONS,0000909832
24476,MENTIONS,0001633917
24476,MENTIONS,0001403161
24476,MENTIONS,0000104169
24478,MENTIONS,0000829224
24480,MENTIONS,0000046080
24482,MENTIONS,0001166691
24482,MENTIONS,0001744489
24482,MENTIONS,0000732717
24483,MENTIONS,0000012927
24483,MENTIONS,0000097210
24484,MENTIONS,0000789570
24486,MENTIONS,0000066740
24487,MENTIONS,0001551152
24487,MENTIONS,0000882095
24488,MENTIONS,0000829224
24488,MENTIONS,0000100493
24492,MENTIONS,0000320193
24492,MENTIONS,0001318605
24500,MENTIONS,0000034088
24502,MENTIONS,0001408198
24516,MENTIONS,0001755672
24528,MENTIONS,0000909832
24530,MENTIONS,0000909832
24530,MENTIONS,0000104169
24557,MENTIONS,0000909832
24559,MENTIONS,0000909832
24559,MENTIONS,0000104169
24571,MENTIONS,0000858470
24571,MENTIONS,0001090012
24597,MENTIONS,0000909832
24598,MENTIONS,0000002488
24601,MENTIONS,0001308547
24603,MENTIONS,0000829224
24604,MENTIONS,0000789019
24605,MENTIONS,0001075531
24615,MENTIONS,0001318605
24625,MENTIONS,0000885639
24628,MENTIONS,0000789570
24631,MENTIONS,0001318605
24638,MENTIONS,0001045810
24641,MENTIONS,0001744489
24641,MENTIONS,0000021344
24641,MENTIONS,0000104169
24641,MENTIONS,0000034088
24649,MENTIONS,0001090012
24649,MENTIONS,
24650,MENTIONS,0000789019
24654,MENTIONS,0000831001
24654,MENTIONS,0001163165
24654,MENTIONS,0000821189
24654,MENTIONS,
24664,MENTIONS,0000946581
24666,MENTIONS,0000789570
24670,MENTIONS,0000882095
24693,MENTIONS,0000072971
24703,MENTIONS,0000310158
24713,MENTIONS,0000084748
24714,MENTIONS,0000001800
24714,MENTIONS,0000084748
24731,MENTIONS,0000040545
24737,MENTIONS,0000320187
24737,MENTIONS,0001413329
24741,MENTIONS,0000001800
24741,MENTIONS,0001906324
24742,MENTIONS,0000001800
24780,MENTIONS,0001628369
24790,MENTIONS,0000886982
24790,MENTIONS,0000895421
24814,MENTIONS,0001039684
24824,MENTIONS,0000007084
24825,MENTIONS,0000007084
24826,MENTIONS,0000007084
24829,MENTIONS,0001262039
24852,MENTIONS,0001520006
24853,MENTIONS,0001163165
24859,MENTIONS,0001090012
24859,MENTIONS,0001520006
24859,MENTIONS,0000797468
24863,MENTIONS,
24863,MENTIONS,0001520006
24869,MENTIONS,0000021665
24872,MENTIONS,0000021665
24874,MENTIONS,0001679049
24877,MENTIONS,0001513761
24883,MENTIONS,0000063296
24887,MENTIONS,0000002488
24887,MENTIONS,0001045810
24889,MENTIONS,0001571949
24891,MENTIONS,0000753308
24891,MENTIONS,0000106040
24892,MENTIONS,0000002488
24892,MENTIONS,0001156375
24893,MENTIONS,0000002488
24904,MENTIONS,0001403161
24909,MENTIONS,0001633917
24912,MENTIONS,
24913,MENTIONS,0000827876
24914,MENTIONS,
24917,MENTIONS,0000909832
24917,MENTIONS,0001108524
24917,MENTIONS,0001045450
24917,MENTIONS,0001403161
24917,MENTIONS,
24920,MENTIONS,0001045810
24920,MENTIONS,0001633917
24923,MENTIONS,0001374310
24923,MENTIONS,0001156375
24923,MENTIONS,0001403161
24924,MENTIONS,0001374310
24924,MENTIONS,0001156375
24924,MENTIONS,0001403161
24930,MENTIONS,0000789019
24936,MENTIONS,0001326380
24937,MENTIONS,0001318605
24939,MENTIONS,0001326380
25021,MENTIONS,0001090727
25023,MENTIONS,0000732717
25034,MENTIONS,0001048911
25036,MENTIONS,0001660134
25045,MENTIONS,0000033185
25063,MENTIONS,0000093410
25087,MENTIONS,0000882184
25095,MENTIONS,0000001750
25104,MENTIONS,0000073309
25105,MENTIONS,0000820313
25118,MENTIONS,0001022079
25118,MENTIONS,0000313143
25155,MENTIONS,
25155,MENTIONS,0000039899
25164,MENTIONS,0001318605
25165,MENTIONS,0001958086
25165,MENTIONS,0000073756
25172,MENTIONS,0001286681
25174,MENTIONS,0001286681
25174,MENTIONS,0000901491
25194,MENTIONS,0000715957
25194,MENTIONS,0000936340
25194,MENTIONS,0000753308
25194,MENTIONS,0000072903
25199,MENTIONS,0001573516
25203,MENTIONS,0001688568
25251,MENTIONS,0000023217
25251,MENTIONS,0000104169
25253,MENTIONS,0000320193
25254,MENTIONS,0000320193
25254,MENTIONS,0001018724
25255,MENTIONS,0000012927
25255,MENTIONS,0000018230
25255,MENTIONS,0001283699
25255,MENTIONS,0001336917
25258,MENTIONS,0001744489
25258,MENTIONS,0000929008
25261,MENTIONS,0000012927
25261,MENTIONS,0000018230
25263,MENTIONS,0000796343
25264,MENTIONS,0000882095
25265,MENTIONS,0000006201
25265,MENTIONS,0000040545
25268,MENTIONS,0001261333
25269,MENTIONS,0000793952
25269,MENTIONS,0000063754
25269,MENTIONS,0000829224
25271,MENTIONS,0000006951
25271,MENTIONS,0001413329
25283,MENTIONS,0000002488
25283,MENTIONS,0000829224
25284,MENTIONS,0000804328
25285,MENTIONS,
25288,MENTIONS,0000882095
25290,MENTIONS,0000320193
25291,MENTIONS,0001744489
25297,MENTIONS,0000012927
25297,MENTIONS,0001744489
25303,MENTIONS,0000040545
25308,MENTIONS,0000006201
25310,MENTIONS,0000320193
25315,MENTIONS,0000882095
25315,MENTIONS,0000886982
25316,MENTIONS,0000789570
25316,MENTIONS,0000077476
25318,MENTIONS,0001286681
25319,MENTIONS,0000021665
25319,MENTIONS,0000886982
25322,MENTIONS,0001022079
25328,MENTIONS,0001341439
25329,MENTIONS,0001675149
25329,MENTIONS,0000006201
25329,MENTIONS,0000766421
25329,MENTIONS,0000350698
25329,MENTIONS,0000277948
25329,MENTIONS,0001751788
25329,MENTIONS,0000073309
25329,MENTIONS,0001413329
25329,MENTIONS,0000732717
25329,MENTIONS,0000100885
25337,MENTIONS,0001024305
25337,MENTIONS,0001744489
25343,MENTIONS,0000012927
25343,MENTIONS,0000829224
25345,MENTIONS,0001048911
25345,MENTIONS,0000040704
25345,MENTIONS,0000310158
25347,MENTIONS,0000766421
25347,MENTIONS,0000012927
25347,MENTIONS,0001744489
25347,MENTIONS,0000049071
25351,MENTIONS,0000732717
25351,MENTIONS,
25355,MENTIONS,0001646972
25357,MENTIONS,0000006201
25376,MENTIONS,0000026780
25393,MENTIONS,0001040971
25394,MENTIONS,0000318154
25395,MENTIONS,0000037785
25401,MENTIONS,0000940944
25424,MENTIONS,0000001750
25424,MENTIONS,0001623925
25431,MENTIONS,0001278027
25431,MENTIONS,0000927628
25431,MENTIONS,0001045810
25431,MENTIONS,0001113169
25432,MENTIONS,0000789019
25433,MENTIONS,0001108524
25433,MENTIONS,0001056696
25463,MENTIONS,0001525769
25478,MENTIONS,0000034088
25479,MENTIONS,0000789019
25498,MENTIONS,0000886982
25499,MENTIONS,0000886982
25502,MENTIONS,0000018230
25511,MENTIONS,0000831001
25540,MENTIONS,0000886982
25546,MENTIONS,0000315189
25560,MENTIONS,0000315189
25560,MENTIONS,0000043920
25560,MENTIONS,0000075677
25560,MENTIONS,0000091767
25566,MENTIONS,0000315189
25567,MENTIONS,0000315189
25570,MENTIONS,0000007084
25570,MENTIONS,0000315189
25573,MENTIONS,0001623925
25600,MENTIONS,0001403161
25611,MENTIONS,0001133421
25615,MENTIONS,0001133421
25618,MENTIONS,0001133421
25623,MENTIONS,0001133421
25631,MENTIONS,0001133421
25635,MENTIONS,0001133421
25643,MENTIONS,0001133421
25644,MENTIONS,0001133421
25662,MENTIONS,0001133421
25664,MENTIONS,0001133421
25668,MENTIONS,0001133421
25677,MENTIONS,0000012927
25677,MENTIONS,0001133421
25678,MENTIONS,0001133421
25679,MENTIONS,0001133421
25681,MENTIONS,0001133421
25689,MENTIONS,0000202058
25690,MENTIONS,0001133421
25697,MENTIONS,0000310158
25718,MENTIONS,0000006201
25718,MENTIONS,0000027904
25718,MENTIONS,0000100517
25721,MENTIONS,0000894405
25721,MENTIONS,0000085961
25737,MENTIONS,0000006201
25740,MENTIONS,0000006201
25741,MENTIONS,0000006201
25743,MENTIONS,0000006201
25744,MENTIONS,0000006201
25755,MENTIONS,0000001750
25762,MENTIONS,0000006201
25770,MENTIONS,0000766421
25792,MENTIONS,0001754301
25792,MENTIONS,0001413329
25799,MENTIONS,0001468174
25801,MENTIONS,0000315852
25810,MENTIONS,0000002488
25820,MENTIONS,0000040545
25820,MENTIONS,0000882095
25821,MENTIONS,0001408198
25833,MENTIONS,0001045810
25834,MENTIONS,0000012927
25834,MENTIONS,0000320187
25834,MENTIONS,0001133421
25835,MENTIONS,0001324404
25845,MENTIONS,0001058090
25850,MENTIONS,0000006201
25853,MENTIONS,0000006201
25855,MENTIONS,0000920760
25871,MENTIONS,0001633917
25882,MENTIONS,0000831001
25887,MENTIONS,0000886982
25887,MENTIONS,0000895421
25908,MENTIONS,0000315293
25908,MENTIONS,0000886982
25909,MENTIONS,0000886982
25911,MENTIONS,0000070318
25925,MENTIONS,0001090012
25926,MENTIONS,0001090012
25926,MENTIONS,0001792580
25969,MENTIONS,0001539838
25972,MENTIONS,0001539838
26000,MENTIONS,0001089063
26002,MENTIONS,0000789019
26002,MENTIONS,0001045810
26002,MENTIONS,0001318605
26017,MENTIONS,0000796343
26017,MENTIONS,0000320187
26017,MENTIONS,0001045810
26017,MENTIONS,0001318605
26019,MENTIONS,0001318605
26022,MENTIONS,0000886982
26023,MENTIONS,0000097745
26026,MENTIONS,0000804328
26027,MENTIONS,0001744489
26027,MENTIONS,0001065088
26029,MENTIONS,0000789019
26034,MENTIONS,0000723125
26034,MENTIONS,0001045810
26036,MENTIONS,0000045012
26036,MENTIONS,0001668397
26037,MENTIONS,0001064728
26037,MENTIONS,0001326160
26040,MENTIONS,0000100493
26047,MENTIONS,0001283699
26048,MENTIONS,0000012927
26048,MENTIONS,0001133421
26050,MENTIONS,0001633917
26050,MENTIONS,0001318605
26053,MENTIONS,0000802481
26064,MENTIONS,0000789019
26064,MENTIONS,0001045810
26080,MENTIONS,0000789019
26081,MENTIONS,0001744489
26114,MENTIONS,0001744489
26114,MENTIONS,0000789019
26146,MENTIONS,0001469367
26155,MENTIONS,
26155,MENTIONS,0001403161
26181,MENTIONS,0001166691
26181,MENTIONS,
26203,MENTIONS,0001166691
26218,MENTIONS,0001744489
26219,MENTIONS,0001744489
26220,MENTIONS,0001744489
26250,MENTIONS,0001744489
26250,MENTIONS,0001286681
26253,MENTIONS,0001744489
26257,MENTIONS,0001744489
26261,MENTIONS,0001744489
26277,MENTIONS,0001744489
26289,MENTIONS,0001744489
26294,MENTIONS,0001166691
26294,MENTIONS,0001744489
26297,MENTIONS,0001166691
26297,MENTIONS,0001744489
26313,MENTIONS,0001744489
26313,MENTIONS,0001090727
26337,MENTIONS,0001166691
26337,MENTIONS,0001744489
26340,MENTIONS,0001166691
26340,MENTIONS,0001744489
26355,MENTIONS,0001744489
26370,MENTIONS,0001744489
26371,MENTIONS,0001744489
26374,MENTIONS,0001744489
26376,MENTIONS,0001744489
26381,MENTIONS,0001744489
26394,MENTIONS,0000320193
26394,MENTIONS,0001166691
26394,MENTIONS,0001744489
26434,MENTIONS,0000789019
26453,MENTIONS,0000320187
26475,MENTIONS,0000796343
26475,MENTIONS,0001744489
26475,MENTIONS,0001261333
26475,MENTIONS,0000886982
26475,MENTIONS,0000829224
26475,MENTIONS,0000072971
26479,MENTIONS,0000006201
26541,MENTIONS,0001766502
26553,MENTIONS,0001261333
26558,MENTIONS,0001261333
26571,MENTIONS,0001058090
26571,MENTIONS,0001336917
26571,MENTIONS,0000072971
26571,MENTIONS,0000104169
26574,MENTIONS,0001058090
26574,MENTIONS,0000712515
26574,MENTIONS,0001065088
26574,MENTIONS,0001326380
26574,MENTIONS,0001633917
26574,MENTIONS,0000817720
26574,MENTIONS,0000946581
26577,MENTIONS,0001571949
26579,MENTIONS,0001413329
26590,MENTIONS,0000886982
26590,MENTIONS,0001660134
26599,MENTIONS,0000789019
26600,MENTIONS,0000882095
26618,MENTIONS,0001108524
26618,MENTIONS,0001341439
26619,MENTIONS,0001018724
26619,MENTIONS,0001744489
26637,MENTIONS,0001374310
26637,MENTIONS,0001156375
26638,MENTIONS,0001633917
26641,MENTIONS,0001633917
26644,MENTIONS,0001670592
26647,MENTIONS,0001326380
26656,MENTIONS,0001318605
26662,MENTIONS,0001318605
26694,MENTIONS,0001390777
26725,MENTIONS,0001341439
26728,MENTIONS,0000018230
26728,MENTIONS,0001338749
26765,MENTIONS,0001527166
26765,MENTIONS,0001754301
26767,MENTIONS,0001754301
26784,MENTIONS,0001286681
26790,MENTIONS,0001286681
26804,MENTIONS,0000050863
26804,MENTIONS,0001045810
26806,MENTIONS,0000789019
26825,MENTIONS,0000031462
26827,MENTIONS,0001133421
26832,MENTIONS,
26832,MENTIONS,0000104169
26856,MENTIONS,0000021344
26857,MENTIONS,0000318154
26871,MENTIONS,0001669811
26879,MENTIONS,0000006201
26892,MENTIONS,0001166691
26892,MENTIONS,0001744489
26892,MENTIONS,0000732717
26902,MENTIONS,0000320187
26905,MENTIONS,0000882095
26913,MENTIONS,0001045810
26931,MENTIONS,0001018724
26931,MENTIONS,0000789019
26954,MENTIONS,0000320193
26964,MENTIONS,0001058090
26964,MENTIONS,0000895421
26964,MENTIONS,0001633917
26997,MENTIONS,0000789019
27001,MENTIONS,0000021344
27001,MENTIONS,0000829224
27040,MENTIONS,0000310158
27044,MENTIONS,0000093410
27044,MENTIONS,0000310158
27050,MENTIONS,0000040545
27053,MENTIONS,0000886982
27053,MENTIONS,0000021344
27061,MENTIONS,0000040545
27061,MENTIONS,0000021344
27063,MENTIONS,0000066740
27063,MENTIONS,0000086312
27064,MENTIONS,0000310158
27065,MENTIONS,0001403161
27066,MENTIONS,0000310158
27069,MENTIONS,0000320187
27070,MENTIONS,0000093410
27073,MENTIONS,0000310158
27075,MENTIONS,0000012927
27075,MENTIONS,0001166691
27084,MENTIONS,0000875320
27087,MENTIONS,0000886982
27095,MENTIONS,0000040545
27095,MENTIONS,0000886982
27097,MENTIONS,0000021344
27097,MENTIONS,0000310158
27109,MENTIONS,0000066740
27113,MENTIONS,0000310158
27115,MENTIONS,0000018230
27118,MENTIONS,0000012927
27126,MENTIONS,0000047217
27128,MENTIONS,0000886982
27142,MENTIONS,0000012927
27155,MENTIONS,0000886982
27164,MENTIONS,0001166691
27170,MENTIONS,0000882095
